filename,width,height,class,xmin,ymin,xmax,ymax
0e7758a9-fead-483d-a563-347ba14b2a02.jpeg,3264,2448,British Shorthair Kitten,373.96,1919.87,687.22,2085.2
0e7758a9-fead-483d-a563-347ba14b2a02.jpeg,3264,2448,Maine Coon Kitten,416.66,1756.72,689.4,1917.68
0e7758a9-fead-483d-a563-347ba14b2a02.jpeg,3264,2448,Kitten Sterilised,441.84,1590.3,701.45,1755.63
0e7758a9-fead-483d-a563-347ba14b2a02.jpeg,3264,2448,Kitten Sterilised,198.77,1370.22,714.59,1587.01
0e7758a9-fead-483d-a563-347ba14b2a02.jpeg,3264,2448,Ageing 12+,456.08,1198.32,726.63,1365.84
0e7758a9-fead-483d-a563-347ba14b2a02.jpeg,3264,2448,Ageing 12+,319.21,976.05,738.68,1190.66
0e7758a9-fead-483d-a563-347ba14b2a02.jpeg,3264,2448,Ageing Sterilised 12+,499.88,824.96,751.81,974.96
0e7758a9-fead-483d-a563-347ba14b2a02.jpeg,3264,2448,Ageing Sterilised 12+,370.79,599.4,775.9,810.72
0e7758a9-fead-483d-a563-347ba14b2a02.jpeg,3264,2448,Sterilised 7+,811.93,566.56,1085.76,765.83
0e7758a9-fead-483d-a563-347ba14b2a02.jpeg,3264,2448,Sterilised 7+,806.45,772.4,1073.72,922.4
0e7758a9-fead-483d-a563-347ba14b2a02.jpeg,3264,2448,Kitten,803.2,928.97,1066.05,1118.39
0e7758a9-fead-483d-a563-347ba14b2a02.jpeg,3264,2448,Kitten,790.03,1133.72,1055.11,1292.48
0e7758a9-fead-483d-a563-347ba14b2a02.jpeg,3264,2448,Mother & Babycat,780.17,1299.05,1045.25,1503.8
0e7758a9-fead-483d-a563-347ba14b2a02.jpeg,3264,2448,Mother & Babycat,756.09,1505.99,1038.68,1675.7
0e7758a9-fead-483d-a563-347ba14b2a02.jpeg,3264,2448,Maine Coon Adult,756.09,1677.89,1022.26,1890.31
0e7758a9-fead-483d-a563-347ba14b2a02.jpeg,3264,2448,Maine Coon Adult,737.47,1895.78,1010.22,2064.4
0e7758a9-fead-483d-a563-347ba14b2a02.jpeg,3264,2448,Maine Coon Adult,1156.93,1923.15,1326.64,2042.5
0e7758a9-fead-483d-a563-347ba14b2a02.jpeg,3264,2448,British Shorthair Adult,1163.5,1802.71,1335.4,1915.49
0e7758a9-fead-483d-a563-347ba14b2a02.jpeg,3264,2448,Hair & Skin Care,1184.3,1460,1344.16,1565.12
0e7758a9-fead-483d-a563-347ba14b2a02.jpeg,3264,2448,Indoor Long Hair,1108.65,1075.69,1351.83,1243.21
0e7758a9-fead-483d-a563-347ba14b2a02.jpeg,3264,2448,Indoor Long Hair,1108.65,937.73,1364.97,1076.78
0e7758a9-fead-483d-a563-347ba14b2a02.jpeg,3264,2448,Sterilised 37,1125.07,786.63,1368.25,933.35
0e7758a9-fead-483d-a563-347ba14b2a02.jpeg,3264,2448,Sterilised 37,1134.93,593.93,1367.16,781.16
0e7758a9-fead-483d-a563-347ba14b2a02.jpeg,3264,2448,Light Weight Care,1433.84,499.77,1587.23,601.59
0e7758a9-fead-483d-a563-347ba14b2a02.jpeg,3264,2448,Sterilised 37,1442.6,620.21,1594.9,722.03
0e7758a9-fead-483d-a563-347ba14b2a02.jpeg,3264,2448,Sterilised 37,1443.69,726.41,1598.18,832.62
0e7758a9-fead-483d-a563-347ba14b2a02.jpeg,3264,2448,Sterilised 37,1440.41,839.19,1598.18,938.82
0e7758a9-fead-483d-a563-347ba14b2a02.jpeg,3264,2448,Digestive Care,1428.36,1273.87,1587.23,1381.17
0e7758a9-fead-483d-a563-347ba14b2a02.jpeg,3264,2448,Urinary Care,1419.6,1388.83,1586.14,1492.85
0e7758a9-fead-483d-a563-347ba14b2a02.jpeg,3264,2448,Kitten Sterilised,1418.51,1500.52,1585.04,1615.48
0e7758a9-fead-483d-a563-347ba14b2a02.jpeg,3264,2448,Kitten,1409.75,1620.96,1585.04,1727.16
0e7758a9-fead-483d-a563-347ba14b2a02.jpeg,3264,2448,Kitten,1402.08,1735.92,1578.47,1847.6
0e7758a9-fead-483d-a563-347ba14b2a02.jpeg,3264,2448,Kitten,1398.8,1853.08,1569.71,1968.04
0e7758a9-fead-483d-a563-347ba14b2a02.jpeg,3264,2448,Persian Adult,1626.54,1850.89,1867.53,2026.07
0e7758a9-fead-483d-a563-347ba14b2a02.jpeg,3264,2448,Persian Adult,1628.73,1646.14,1870.82,1842.13
0e7758a9-fead-483d-a563-347ba14b2a02.jpeg,3264,2448,Sensible 33,1640.78,1473.14,1870.82,1620.96
0e7758a9-fead-483d-a563-347ba14b2a02.jpeg,3264,2448,Sensible 33,1639.68,1272.78,1868.63,1466.57
0e7758a9-fead-483d-a563-347ba14b2a02.jpeg,3264,2448,Hairball Care,1649.53,1094.3,1870.82,1250.88
0e7758a9-fead-483d-a563-347ba14b2a02.jpeg,3264,2448,Hairball Care,1653.91,912.55,1874.1,1087.73
0e7758a9-fead-483d-a563-347ba14b2a02.jpeg,3264,2448,Digestive Care,1924.36,662.91,2164.25,863.28
0e7758a9-fead-483d-a563-347ba14b2a02.jpeg,3264,2448,Digestive Care,1933.12,868.75,2164.25,1002.33
0e7758a9-fead-483d-a563-347ba14b2a02.jpeg,3264,2448,Light Weight Care,1933.12,1012.19,2160.97,1191.75
0e7758a9-fead-483d-a563-347ba14b2a02.jpeg,3264,2448,Light Weight Care,1935.31,1200.51,2163.16,1357.08
0e7758a9-fead-483d-a563-347ba14b2a02.jpeg,3264,2448,Hair & Skin Care,1936.4,1363.65,2162.06,1539.93
0e7758a9-fead-483d-a563-347ba14b2a02.jpeg,3264,2448,Hair & Skin Care,1933.12,1543.22,2167.54,1699.79
0e7758a9-fead-483d-a563-347ba14b2a02.jpeg,3264,2448,Sphynx Adult,1924.36,1707.46,2167.54,1917.68
0e7758a9-fead-483d-a563-347ba14b2a02.jpeg,3264,2448,Sphynx Adult,1965.96,1929.72,2164.25,2086.3
0e7758a9-fead-483d-a563-347ba14b2a02.jpeg,3264,2448,British Shorthair Adult,2232.03,1853.08,2471.92,2030.45
0e7758a9-fead-483d-a563-347ba14b2a02.jpeg,3264,2448,Fit 32,2227.65,1675.7,2473.02,1839.94
0e7758a9-fead-483d-a563-347ba14b2a02.jpeg,3264,2448,Fit 32,2226.55,1509.28,2468.64,1669.13
0e7758a9-fead-483d-a563-347ba14b2a02.jpeg,3264,2448,Aroma Exigent,2225.46,1355.99,2460.97,1507.09
0e7758a9-fead-483d-a563-347ba14b2a02.jpeg,3264,2448,Protein Exigent,2225.46,1199.42,2451.12,1347.23
0e7758a9-fead-483d-a563-347ba14b2a02.jpeg,3264,2448,Savour Exigent,2218.89,1038.46,2454.4,1191.75
0e7758a9-fead-483d-a563-347ba14b2a02.jpeg,3264,2448,Savour Exigent,2510.13,647.58,2860.62,844.66
0e7758a9-fead-483d-a563-347ba14b2a02.jpeg,3264,2448,Aroma Exigent,2513.42,845.76,2883.61,1050.51
0e7758a9-fead-483d-a563-347ba14b2a02.jpeg,3264,2448,Protein Exigent,2514.51,1060.36,2886.89,1269.49
0e7758a9-fead-483d-a563-347ba14b2a02.jpeg,3264,2448,Fit 32,2512.32,1268.39,2901.13,1474.24
0e7758a9-fead-483d-a563-347ba14b2a02.jpeg,3264,2448,Kitten,2528.75,1483,2931.79,1762.2
0e7758a9-fead-483d-a563-347ba14b2a02.jpeg,3264,2448,Sterilised 37,2523.28,1807.09,2929.6,2028.26
11543d5f-69d7-4418-85e3-33d5db3ed630.jpeg,3264,2448,British Shorthair Adult,756.28,2193.68,1011.18,2348.72
11543d5f-69d7-4418-85e3-33d5db3ed630.jpeg,3264,2448,Maine Coon Adult,751.03,2047.84,1008.55,2189.74
11543d5f-69d7-4418-85e3-33d5db3ed630.jpeg,3264,2448,Bengal Adult,741.83,1895.43,1001.98,2042.59
11543d5f-69d7-4418-85e3-33d5db3ed630.jpeg,3264,2448,Sphynx Adult,731.32,1732.51,999.35,1886.23
11543d5f-69d7-4418-85e3-33d5db3ed630.jpeg,3264,2448,Protein Exigent,722.12,1565.64,999.35,1727.25
11543d5f-69d7-4418-85e3-33d5db3ed630.jpeg,3264,2448,Savour Exigent,710.29,1409.29,996.72,1560.39
11543d5f-69d7-4418-85e3-33d5db3ed630.jpeg,3264,2448,Aroma Exigent,718.18,1256.88,988.84,1402.72
11543d5f-69d7-4418-85e3-33d5db3ed630.jpeg,3264,2448,Digestive Care,715.55,1083.44,983.59,1246.36
11543d5f-69d7-4418-85e3-33d5db3ed630.jpeg,3264,2448,Hairball Care,702.41,907.38,978.33,1072.93
11543d5f-69d7-4418-85e3-33d5db3ed630.jpeg,3264,2448,Hair & Skin Care,689.27,728.69,966.51,906.07
11543d5f-69d7-4418-85e3-33d5db3ed630.jpeg,3264,2448,Sensible 33,1011.18,396.28,1267.39,576.28
11543d5f-69d7-4418-85e3-33d5db3ed630.jpeg,3264,2448,Fit 32,1021.69,581.54,1270.01,747.09
11543d5f-69d7-4418-85e3-33d5db3ed630.jpeg,3264,2448,Indoor 27,1023,752.34,1272.64,917.89
11543d5f-69d7-4418-85e3-33d5db3ed630.jpeg,3264,2448,Ageing 12+,1028.26,923.15,1280.53,1083.44
11543d5f-69d7-4418-85e3-33d5db3ed630.jpeg,3264,2448,Ageing Sterilised 12+,1038.77,1090.01,1285.78,1243.74
11543d5f-69d7-4418-85e3-33d5db3ed630.jpeg,3264,2448,Sterilised 7+,1041.4,1251.62,1288.41,1413.23
11543d5f-69d7-4418-85e3-33d5db3ed630.jpeg,3264,2448,Sterilised 37,1040.08,1411.92,1294.98,1569.58
11543d5f-69d7-4418-85e3-33d5db3ed630.jpeg,3264,2448,Maine Coon Adult,1049.28,1573.53,1289.72,1723.31
11543d5f-69d7-4418-85e3-33d5db3ed630.jpeg,3264,2448,British Shorthair Kitten,1047.97,1728.56,1288.41,1884.92
11543d5f-69d7-4418-85e3-33d5db3ed630.jpeg,3264,2448,Sphynx Kitten,1058.48,1890.17,1296.29,2032.07
11543d5f-69d7-4418-85e3-33d5db3ed630.jpeg,3264,2448,Kitten,1059.79,2037.33,1297.61,2184.49
11543d5f-69d7-4418-85e3-33d5db3ed630.jpeg,3264,2448,Mother & Babycat,1059.79,2192.37,1300.23,2346.09
11543d5f-69d7-4418-85e3-33d5db3ed630.jpeg,3264,2448,Kitten,1539.36,2184.49,1693.09,2286.97
11543d5f-69d7-4418-85e3-33d5db3ed630.jpeg,3264,2448,Kitten,1538.05,2083.32,1694.4,2177.92
11543d5f-69d7-4418-85e3-33d5db3ed630.jpeg,3264,2448,Sterilised 37,1536.74,1764.04,1693.09,1865.21
11543d5f-69d7-4418-85e3-33d5db3ed630.jpeg,3264,2448,Sterilised 37,1534.11,1656.3,1689.15,1757.47
11543d5f-69d7-4418-85e3-33d5db3ed630.jpeg,3264,2448,Urinary Care,1539.36,1435.57,1689.15,1539.36
11543d5f-69d7-4418-85e3-33d5db3ed630.jpeg,3264,2448,Sterilised 37,1377.76,1761.41,1531.48,1877.03
11543d5f-69d7-4418-85e3-33d5db3ed630.jpeg,3264,2448,Sterilised 37,1376.44,1882.29,1527.54,1978.21
11543d5f-69d7-4418-85e3-33d5db3ed630.jpeg,3264,2448,Kitten,1379.07,2089.89,1528.85,2195
11543d5f-69d7-4418-85e3-33d5db3ed630.jpeg,3264,2448,Indoor 27,1342.28,1038.77,1682.58,1235.85
11543d5f-69d7-4418-85e3-33d5db3ed630.jpeg,3264,2448,Savour Exigent,1745.65,974.39,2030.76,1205.63
11543d5f-69d7-4418-85e3-33d5db3ed630.jpeg,3264,2448,Protein Exigent,1743.02,1209.58,2028.13,1419.8
11543d5f-69d7-4418-85e3-33d5db3ed630.jpeg,3264,2448,Kitten,1749.59,1430.31,2022.88,1632.65
11543d5f-69d7-4418-85e3-33d5db3ed630.jpeg,3264,2448,Kitten,1741.7,1635.28,2016.31,1831.05
11543d5f-69d7-4418-85e3-33d5db3ed630.jpeg,3264,2448,British Shorthair Adult,1745.65,1840.25,2013.68,2057.04
11543d5f-69d7-4418-85e3-33d5db3ed630.jpeg,3264,2448,British Shorthair Kitten,1745.65,2059.67,2015,2258.06
11543d5f-69d7-4418-85e3-33d5db3ed630.jpeg,3264,2448,Maine Coon Adult,2057.04,2080.69,2360.55,2237.04
11543d5f-69d7-4418-85e3-33d5db3ed630.jpeg,3264,2448,Bengal Adult,2071.49,1878.35,2372.37,2050.47
11543d5f-69d7-4418-85e3-33d5db3ed630.jpeg,3264,2448,Sterilised 37,2071.49,1672.07,2376.31,1857.33
11543d5f-69d7-4418-85e3-33d5db3ed630.jpeg,3264,2448,Sterilised 7+,2082,1477.61,2381.57,1658.93
11543d5f-69d7-4418-85e3-33d5db3ed630.jpeg,3264,2448,Fit 32,2080.69,1277.9,2394.71,1460.53
11543d5f-69d7-4418-85e3-33d5db3ed630.jpeg,3264,2448,Digestive Care,2091.2,1066.36,2397.34,1254.25
11543d5f-69d7-4418-85e3-33d5db3ed630.jpeg,3264,2448,Hair & Skin Care,2092.51,846.94,2406.53,1051.91
11543d5f-69d7-4418-85e3-33d5db3ed630.jpeg,3264,2448,Ageing 12+,2495.88,543.43,2964.94,756.28
11543d5f-69d7-4418-85e3-33d5db3ed630.jpeg,3264,2448,Ageing 12+,2535.3,766.79,2962.31,969.13
11543d5f-69d7-4418-85e3-33d5db3ed630.jpeg,3264,2448,Light Weight Care,2452.52,983.59,2951.8,1276.58
11543d5f-69d7-4418-85e3-33d5db3ed630.jpeg,3264,2448,Fit 32,2434.12,1287.1,2932.09,1557.76
11543d5f-69d7-4418-85e3-33d5db3ed630.jpeg,3264,2448,Sphynx Adult,2470.92,1561.7,2920.27,1760.1
11543d5f-69d7-4418-85e3-33d5db3ed630.jpeg,3264,2448,Bengal Adult,2491.94,1781.12,2904.5,1993.97
11543d5f-69d7-4418-85e3-33d5db3ed630.jpeg,3264,2448,Maine Coon Adult,2426.24,2011.05,2886.11,2258.07
1a08fb16-006d-4b78-9fd8-3f7ce453a0e7.jpeg,4032,3024,Bengal Adult,212.22,757.96,339.73,960.84
1a08fb16-006d-4b78-9fd8-3f7ce453a0e7.jpeg,4032,3024,Bengal Adult,341.84,729.07,523.59,960.84
1a08fb16-006d-4b78-9fd8-3f7ce453a0e7.jpeg,4032,3024,Siberian Adult,530.63,772.04,658.84,967.18
1a08fb16-006d-4b78-9fd8-3f7ce453a0e7.jpeg,4032,3024,Kitten,672.93,773.45,797.62,967.88
1a08fb16-006d-4b78-9fd8-3f7ce453a0e7.jpeg,4032,3024,Kitten,804.66,781.2,930.05,972.11
1a08fb16-006d-4b78-9fd8-3f7ce453a0e7.jpeg,4032,3024,Mother & Babycat,951.89,755.84,1113.21,978.45
1a08fb16-006d-4b78-9fd8-3f7ce453a0e7.jpeg,4032,3024,Kitten,949.07,1011.56,1125.19,1237.68
1a08fb16-006d-4b78-9fd8-3f7ce453a0e7.jpeg,4032,3024,Kitten,810.3,1037.62,937.1,1235.57
1a08fb16-006d-4b78-9fd8-3f7ce453a0e7.jpeg,4032,3024,Kitten,668.7,1035.51,803.25,1236.28
1a08fb16-006d-4b78-9fd8-3f7ce453a0e7.jpeg,4032,3024,British Shorthair Kitten,529.22,1036.92,663.07,1234.87
1a08fb16-006d-4b78-9fd8-3f7ce453a0e7.jpeg,4032,3024,British Shorthair Adult,334.09,996.1,523.59,1234.16
1a08fb16-006d-4b78-9fd8-3f7ce453a0e7.jpeg,4032,3024,Siamese Adult,208.7,1027.44,331.98,1230.32
1a08fb16-006d-4b78-9fd8-3f7ce453a0e7.jpeg,4032,3024,British Shorthair Adult,215.74,1291.93,343.95,1496.22
1a08fb16-006d-4b78-9fd8-3f7ce453a0e7.jpeg,4032,3024,British Shorthair Adult,352.41,1265.16,520.77,1497.63
1a08fb16-006d-4b78-9fd8-3f7ce453a0e7.jpeg,4032,3024,British Shorthair Kitten,525,1270.09,706.74,1491.29
1a08fb16-006d-4b78-9fd8-3f7ce453a0e7.jpeg,4032,3024,Kitten,709.56,1293.34,832.84,1491.29
1a08fb16-006d-4b78-9fd8-3f7ce453a0e7.jpeg,4032,3024,Kitten,840.59,1292.63,959.64,1490.58
1a08fb16-006d-4b78-9fd8-3f7ce453a0e7.jpeg,4032,3024,Kitten,965.28,1277.84,1120.96,1487.06
1a08fb16-006d-4b78-9fd8-3f7ce453a0e7.jpeg,4032,3024,Kitten Sterilised,945.55,1526.51,1086.44,1734.32
1a08fb16-006d-4b78-9fd8-3f7ce453a0e7.jpeg,4032,3024,Kitten Sterilised,819.46,1551.16,946.96,1737.14
1a08fb16-006d-4b78-9fd8-3f7ce453a0e7.jpeg,4032,3024,Kitten Sterilised,690.54,1549.76,819.45,1744.18
1a08fb16-006d-4b78-9fd8-3f7ce453a0e7.jpeg,4032,3024,Sphynx Kitten,561.63,1553.28,687.02,1749.11
1a08fb16-006d-4b78-9fd8-3f7ce453a0e7.jpeg,4032,3024,Sphynx Adult,368.61,1539.89,554.58,1751.23
1a08fb16-006d-4b78-9fd8-3f7ce453a0e7.jpeg,4032,3024,Sphynx Adult,236.17,1553.98,362.97,1761.09
1a08fb16-006d-4b78-9fd8-3f7ce453a0e7.jpeg,4032,3024,Persian Adult,244.63,1807.58,377.77,2023.14
1a08fb16-006d-4b78-9fd8-3f7ce453a0e7.jpeg,4032,3024,Persian Adult,384.81,1789.97,552.47,2014.69
1a08fb16-006d-4b78-9fd8-3f7ce453a0e7.jpeg,4032,3024,Maine Coon Kitten,564.45,1798.43,698.29,2004.83
1a08fb16-006d-4b78-9fd8-3f7ce453a0e7.jpeg,4032,3024,Kitten Sterilised,708.86,1800.54,835.66,1999.19
1a08fb16-006d-4b78-9fd8-3f7ce453a0e7.jpeg,4032,3024,Kitten Sterilised,849.75,1792.79,972.32,1990.74
1a08fb16-006d-4b78-9fd8-3f7ce453a0e7.jpeg,4032,3024,Kitten Sterilised,977.96,1781.52,1134.34,1982.99
1a08fb16-006d-4b78-9fd8-3f7ce453a0e7.jpeg,4032,3024,Kitten Sterilised,986.41,2022.44,1146.32,2217.57
1a08fb16-006d-4b78-9fd8-3f7ce453a0e7.jpeg,4032,3024,Kitten Sterilised,866.65,2036.53,984.3,2240.82
1a08fb16-006d-4b78-9fd8-3f7ce453a0e7.jpeg,4032,3024,Kitten Sterilised,741.26,2048.5,859.61,2251.38
1a08fb16-006d-4b78-9fd8-3f7ce453a0e7.jpeg,4032,3024,Maine Coon Kitten,570.79,2039.35,728.58,2258.43
1a08fb16-006d-4b78-9fd8-3f7ce453a0e7.jpeg,4032,3024,Maine Coon Adult,250.97,2075.27,374.24,2282.38
1a08fb16-006d-4b78-9fd8-3f7ce453a0e7.jpeg,4032,3024,Maine Coon Adult,260.83,2314.08,428.49,2506.4
1a08fb16-006d-4b78-9fd8-3f7ce453a0e7.jpeg,4032,3024,Maine Coon Adult,437.64,2299.99,659.55,2488.78
1a08fb16-006d-4b78-9fd8-3f7ce453a0e7.jpeg,4032,3024,Light Weight Care,1811.32,610.94,1955.87,883.22
1a08fb16-006d-4b78-9fd8-3f7ce453a0e7.jpeg,4032,3024,Light Weight Care,1965.17,606.71,2124.94,887.45
1a08fb16-006d-4b78-9fd8-3f7ce453a0e7.jpeg,4032,3024,Light Weight Care,2141.84,593.27,2337.1,896.75
1a08fb16-006d-4b78-9fd8-3f7ce453a0e7.jpeg,4032,3024,Indoor Long Hair,2343.03,651.6,2477.44,897.59
1a08fb16-006d-4b78-9fd8-3f7ce453a0e7.jpeg,4032,3024,Indoor Long Hair,2480.82,654.13,2627.07,904.35
1a08fb16-006d-4b78-9fd8-3f7ce453a0e7.jpeg,4032,3024,Indoor Long Hair,2639.75,616.01,2817.27,905.2
1a08fb16-006d-4b78-9fd8-3f7ce453a0e7.jpeg,4032,3024,Sensible 33,2849.39,626.15,3056.5,911.12
1a08fb16-006d-4b78-9fd8-3f7ce453a0e7.jpeg,4032,3024,Sensible 33,3029.45,632.92,3226.41,908.58
1a08fb16-006d-4b78-9fd8-3f7ce453a0e7.jpeg,4032,3024,Sensible 33,3217.11,637.14,3402.24,911.12
1a08fb16-006d-4b78-9fd8-3f7ce453a0e7.jpeg,4032,3024,Sensible 33,3403.09,648.98,3586.52,916.19
1a08fb16-006d-4b78-9fd8-3f7ce453a0e7.jpeg,4032,3024,Sterilised 7+,3600.9,679.41,3726.85,919.57
1a08fb16-006d-4b78-9fd8-3f7ce453a0e7.jpeg,4032,3024,Sterilised 7+,3562.01,968.6,3751.37,1228.12
1a08fb16-006d-4b78-9fd8-3f7ce453a0e7.jpeg,4032,3024,Sterilised 7+,3397.17,975.36,3534.96,1230.66
1a08fb16-006d-4b78-9fd8-3f7ce453a0e7.jpeg,4032,3024,Sterilised 37,3219.65,962.6,3386.18,1227.27
1a08fb16-006d-4b78-9fd8-3f7ce453a0e7.jpeg,4032,3024,Sterilised 37,3086.93,999.88,3218.8,1228.96
1a08fb16-006d-4b78-9fd8-3f7ce453a0e7.jpeg,4032,3024,Sterilised 37,2965,996.5,3096.23,1227.27
1a08fb16-006d-4b78-9fd8-3f7ce453a0e7.jpeg,4032,3024,Sterilised 37,2818.96,993.88,2963.51,1231.5
1a08fb16-006d-4b78-9fd8-3f7ce453a0e7.jpeg,4032,3024,Indoor 27,2643.97,948.31,2825.72,1228.96
1a08fb16-006d-4b78-9fd8-3f7ce453a0e7.jpeg,4032,3024,Indoor 27,2467.3,976.12,2617.77,1227.27
1a08fb16-006d-4b78-9fd8-3f7ce453a0e7.jpeg,4032,3024,Indoor 27,2297.38,977.9,2455.46,1225.58
1a08fb16-006d-4b78-9fd8-3f7ce453a0e7.jpeg,4032,3024,Hairball Care,2133.39,976.97,2296.54,1228.96
1a08fb16-006d-4b78-9fd8-3f7ce453a0e7.jpeg,4032,3024,Hairball Care,1971.93,976.21,2127.47,1224.74
1a08fb16-006d-4b78-9fd8-3f7ce453a0e7.jpeg,4032,3024,Hairball Care,1799.48,963.44,1959.25,1224.74
1a08fb16-006d-4b78-9fd8-3f7ce453a0e7.jpeg,4032,3024,Hair & Skin Care,1799.48,1302.42,1945.73,1551.04
1a08fb16-006d-4b78-9fd8-3f7ce453a0e7.jpeg,4032,3024,Hair & Skin Care,1947.42,1294.9,2102.11,1551.88
1a08fb16-006d-4b78-9fd8-3f7ce453a0e7.jpeg,4032,3024,Hair & Skin Care,2107.18,1271.99,2306.68,1551.04
1a08fb16-006d-4b78-9fd8-3f7ce453a0e7.jpeg,4032,3024,Savour Exigent,2310.06,1272.92,2448.7,1545.97
1a08fb16-006d-4b78-9fd8-3f7ce453a0e7.jpeg,4032,3024,Savour Exigent,2452.08,1268.61,2627.07,1541.74
1a08fb16-006d-4b78-9fd8-3f7ce453a0e7.jpeg,4032,3024,Savour Exigent,2632.14,1273.77,2824.88,1535.82
1a08fb16-006d-4b78-9fd8-3f7ce453a0e7.jpeg,4032,3024,Sterilised 37,2829.1,1296.51,2949.99,1536.67
1a08fb16-006d-4b78-9fd8-3f7ce453a0e7.jpeg,4032,3024,Sterilised 37,2955.9,1298.28,3078.48,1534.98
1a08fb16-006d-4b78-9fd8-3f7ce453a0e7.jpeg,4032,3024,Sterilised 37,3083.55,1297.35,3213.73,1532.44
1a08fb16-006d-4b78-9fd8-3f7ce453a0e7.jpeg,4032,3024,Sterilised 37,3218.8,1270.38,3381.11,1530.75
1a08fb16-006d-4b78-9fd8-3f7ce453a0e7.jpeg,4032,3024,Sterilised 7+,3385.33,1294.82,3503.68,1530.75
1a08fb16-006d-4b78-9fd8-3f7ce453a0e7.jpeg,4032,3024,Sterilised 7+,3530.73,1272.84,3706.56,1526.52
1a08fb16-006d-4b78-9fd8-3f7ce453a0e7.jpeg,4032,3024,Sterilised 7+,3536.65,1570.48,3709.1,1819.01
1a08fb16-006d-4b78-9fd8-3f7ce453a0e7.jpeg,4032,3024,Sterilised 7+,3394.63,1572.09,3522.28,1824.08
1a08fb16-006d-4b78-9fd8-3f7ce453a0e7.jpeg,4032,3024,Sterilised 37,3234.02,1578.93,3390.41,1826.62
1a08fb16-006d-4b78-9fd8-3f7ce453a0e7.jpeg,4032,3024,Sterilised 37,3098.77,1610.97,3230.64,1831.69
1a08fb16-006d-4b78-9fd8-3f7ce453a0e7.jpeg,4032,3024,Sterilised 37,2977.04,1603.36,3093.69,1836.76
1a08fb16-006d-4b78-9fd8-3f7ce453a0e7.jpeg,4032,3024,Sterilised 37,2847.5,1604.21,2971.96,1836.76
1a08fb16-006d-4b78-9fd8-3f7ce453a0e7.jpeg,4032,3024,Protein Exigent,2702.3,1603.36,2844.32,1840.14
1a08fb16-006d-4b78-9fd8-3f7ce453a0e7.jpeg,4032,3024,Protein Exigent,2582.26,1615.2,2709.06,1846.91
1a08fb16-006d-4b78-9fd8-3f7ce453a0e7.jpeg,4032,3024,Protein Exigent,2452.08,1611.82,2578.88,1855.36
1a08fb16-006d-4b78-9fd8-3f7ce453a0e7.jpeg,4032,3024,Protein Exigent,2311.76,1616.04,2445.32,1857.05
1a08fb16-006d-4b78-9fd8-3f7ce453a0e7.jpeg,4032,3024,Digestive Care,2123.25,1595.76,2304.99,1862.97
1a08fb16-006d-4b78-9fd8-3f7ce453a0e7.jpeg,4032,3024,Digestive Care,1968.55,1599.14,2117.33,1869.73
1a08fb16-006d-4b78-9fd8-3f7ce453a0e7.jpeg,4032,3024,Digestive Care,1811.32,1604.21,1965.17,1874.8
1a08fb16-006d-4b78-9fd8-3f7ce453a0e7.jpeg,4032,3024,Oral Care,1813.85,1937.27,1956.72,2201.1
1a08fb16-006d-4b78-9fd8-3f7ce453a0e7.jpeg,4032,3024,Oral Care,1965.17,1930.51,2102.96,2193.49
1a08fb16-006d-4b78-9fd8-3f7ce453a0e7.jpeg,4032,3024,Oral Care,2117.33,1917.83,2310.06,2184.19
1a08fb16-006d-4b78-9fd8-3f7ce453a0e7.jpeg,4032,3024,Aroma Exigent,2310.91,1916.14,2440.25,2176.59
1a08fb16-006d-4b78-9fd8-3f7ce453a0e7.jpeg,4032,3024,Aroma Exigent,2430.95,1927.21,2578.04,2163.91
1a08fb16-006d-4b78-9fd8-3f7ce453a0e7.jpeg,4032,3024,Aroma Exigent,2578.04,1917.83,2707.38,2160.52
1a08fb16-006d-4b78-9fd8-3f7ce453a0e7.jpeg,4032,3024,Savour Exigent,2713.29,1895.09,2845.17,2143.62
1a08fb16-006d-4b78-9fd8-3f7ce453a0e7.jpeg,4032,3024,Sterilised 37,2849.39,1889.09,3028.6,2143.62
1a08fb16-006d-4b78-9fd8-3f7ce453a0e7.jpeg,4032,3024,Sterilised 37,3059.04,1889.17,3219.6,2128.4
1a08fb16-006d-4b78-9fd8-3f7ce453a0e7.jpeg,4032,3024,Sterilised 37,3228.95,1874.72,3389.56,2126.71
1a08fb16-006d-4b78-9fd8-3f7ce453a0e7.jpeg,4032,3024,Ageing Sterilised 12+,3393.79,1873.03,3517.21,2119.95
1a08fb16-006d-4b78-9fd8-3f7ce453a0e7.jpeg,4032,3024,Ageing Sterilised 12+,3533.27,1872.27,3694.73,2106.42
1a08fb16-006d-4b78-9fd8-3f7ce453a0e7.jpeg,4032,3024,Ageing 12+,3498.61,2166.44,3678.67,2387.08
1a08fb16-006d-4b78-9fd8-3f7ce453a0e7.jpeg,4032,3024,Sterilised 7+,3260.22,2167.2,3492.69,2411.59
1a08fb16-006d-4b78-9fd8-3f7ce453a0e7.jpeg,4032,3024,Sterilised 37,3032.83,2180.73,3250.08,2431.88
1a08fb16-006d-4b78-9fd8-3f7ce453a0e7.jpeg,4032,3024,Sterilised 37,2809.66,2188.34,3040.44,2444.56
1a08fb16-006d-4b78-9fd8-3f7ce453a0e7.jpeg,4032,3024,Fit 32,2617.77,2192.56,2801.21,2459.78
1a08fb16-006d-4b78-9fd8-3f7ce453a0e7.jpeg,4032,3024,Fit 32,2473.22,2206.09,2611.01,2471.61
1a08fb16-006d-4b78-9fd8-3f7ce453a0e7.jpeg,4032,3024,Fit 32,2321.05,2220.46,2465.61,2488.52
1a08fb16-006d-4b78-9fd8-3f7ce453a0e7.jpeg,4032,3024,Urinary Care,2124.94,2225.53,2313.45,2497.81
1a08fb16-006d-4b78-9fd8-3f7ce453a0e7.jpeg,4032,3024,Urinary Care,1961.79,2243.29,2108.03,2514.72
1a08fb16-006d-4b78-9fd8-3f7ce453a0e7.jpeg,4032,3024,Urinary Care,1812.16,2255.12,1960.1,2525.71
1a08fb16-006d-4b78-9fd8-3f7ce453a0e7.jpeg,4032,3024,Fit 32,2354.02,2518.87,2539.15,2748.88
1a08fb16-006d-4b78-9fd8-3f7ce453a0e7.jpeg,4032,3024,Fit 32,2553.52,2510.41,2731.04,2734.51
1a08fb16-006d-4b78-9fd8-3f7ce453a0e7.jpeg,4032,3024,Ageing Sterilised 12+,3367.58,2452.93,3523.12,2669.42
1a08fb16-006d-4b78-9fd8-3f7ce453a0e7.jpeg,4032,3024,Ageing Sterilised 12+,3526.51,2438.56,3681.2,2649.98
3a712cf6-4f0f-41bb-a77c-6e6ba4a549e1.jpeg,3264,2448,Sphynx Kitten,20.06,206.06,120.24,404.78
3a712cf6-4f0f-41bb-a77c-6e6ba4a549e1.jpeg,3264,2448,Maine Coon Kitten,121.06,203.59,222.89,403.14
3a712cf6-4f0f-41bb-a77c-6e6ba4a549e1.jpeg,3264,2448,Maine Coon Kitten,233.57,206.88,311.58,405.6
3a712cf6-4f0f-41bb-a77c-6e6ba4a549e1.jpeg,3264,2448,Maine Coon Kitten,315.68,179.78,459.39,408.89
3a712cf6-4f0f-41bb-a77c-6e6ba4a549e1.jpeg,3264,2448,Kitten,482.38,178.96,632.66,417.92
3a712cf6-4f0f-41bb-a77c-6e6ba4a549e1.jpeg,3264,2448,Mother & Babycat,648.26,175.67,810.86,418.74
3a712cf6-4f0f-41bb-a77c-6e6ba4a549e1.jpeg,3264,2448,Mother & Babycat,847.81,179.78,1003.84,427.78
3a712cf6-4f0f-41bb-a77c-6e6ba4a549e1.jpeg,3264,2448,Mother & Babycat,1075.28,211.8,1190.25,435.17
3a712cf6-4f0f-41bb-a77c-6e6ba4a549e1.jpeg,3264,2448,Mother & Babycat,1237.05,222.48,1366.8,437.63
3a712cf6-4f0f-41bb-a77c-6e6ba4a549e1.jpeg,3264,2448,Savour Exigent,1404.57,187.17,1565.53,448.3
3a712cf6-4f0f-41bb-a77c-6e6ba4a549e1.jpeg,3264,2448,Savour Exigent,1597.55,185.53,1762.61,448.31
3a712cf6-4f0f-41bb-a77c-6e6ba4a549e1.jpeg,3264,2448,Protein Exigent,1770,221.66,1903,453.23
3a712cf6-4f0f-41bb-a77c-6e6ba4a549e1.jpeg,3264,2448,Protein Exigent,1907.14,223.3,2046.74,458.98
3a712cf6-4f0f-41bb-a77c-6e6ba4a549e1.jpeg,3264,2448,Savour Exigent,2050.03,204.41,2186.34,456.52
3a712cf6-4f0f-41bb-a77c-6e6ba4a549e1.jpeg,3264,2448,Savour Exigent,2192.09,197.84,2339.08,455.7
3a712cf6-4f0f-41bb-a77c-6e6ba4a549e1.jpeg,3264,2448,Aroma Exigent,2344.01,220.84,2476.22,458.16
3a712cf6-4f0f-41bb-a77c-6e6ba4a549e1.jpeg,3264,2448,Aroma Exigent,2480.33,220.84,2640.46,457.34
3a712cf6-4f0f-41bb-a77c-6e6ba4a549e1.jpeg,3264,2448,Ageing Sterilised 12+,2656.88,218.37,2775.95,458.16
3a712cf6-4f0f-41bb-a77c-6e6ba4a549e1.jpeg,3264,2448,Ageing Sterilised 12+,2778.42,197.84,2919.66,459.8
3a712cf6-4f0f-41bb-a77c-6e6ba4a549e1.jpeg,3264,2448,Sterilised 7+,2699.58,518.93,2864.64,772.67
3a712cf6-4f0f-41bb-a77c-6e6ba4a549e1.jpeg,3264,2448,Sterilised 7+,2584.54,501.68,2690.55,768.57
3a712cf6-4f0f-41bb-a77c-6e6ba4a549e1.jpeg,3264,2448,Sterilised 7+,2435.08,504.97,2562.44,757.07
3a712cf6-4f0f-41bb-a77c-6e6ba4a549e1.jpeg,3264,2448,Sensible 33,2297.12,527.14,2418.74,752.96
3a712cf6-4f0f-41bb-a77c-6e6ba4a549e1.jpeg,3264,2448,Sensible 33,2149.31,517.28,2277.49,748.04
3a712cf6-4f0f-41bb-a77c-6e6ba4a549e1.jpeg,3264,2448,Sensible 33,2016.28,518.93,2136.25,743.11
3a712cf6-4f0f-41bb-a77c-6e6ba4a549e1.jpeg,3264,2448,Sensible 33,1868.46,516.46,1989.26,740.65
3a712cf6-4f0f-41bb-a77c-6e6ba4a549e1.jpeg,3264,2448,Sensible 33,1688.62,491.83,1852.12,734.9
3a712cf6-4f0f-41bb-a77c-6e6ba4a549e1.jpeg,3264,2448,Sensible 33,1502.21,487.72,1659.96,729.97
3a712cf6-4f0f-41bb-a77c-6e6ba4a549e1.jpeg,3264,2448,Kitten Sterilised,1374.11,515.64,1484.23,722.58
3a712cf6-4f0f-41bb-a77c-6e6ba4a549e1.jpeg,3264,2448,Kitten Sterilised,1229.58,503.32,1347.91,715.19
3a712cf6-4f0f-41bb-a77c-6e6ba4a549e1.jpeg,3264,2448,Kitten Sterilised,1075.2,475.4,1225.56,708.62
3a712cf6-4f0f-41bb-a77c-6e6ba4a549e1.jpeg,3264,2448,Kitten Sterilised,902.75,466.37,1069.53,696.3
3a712cf6-4f0f-41bb-a77c-6e6ba4a549e1.jpeg,3264,2448,Kitten Sterilised,737.7,462.26,892.98,686.45
3a712cf6-4f0f-41bb-a77c-6e6ba4a549e1.jpeg,3264,2448,Kitten,630.12,472.28,733.67,683.41
3a712cf6-4f0f-41bb-a77c-6e6ba4a549e1.jpeg,3264,2448,Kitten,525,474.75,624.45,676.02
3a712cf6-4f0f-41bb-a77c-6e6ba4a549e1.jpeg,3264,2448,Kitten,373.91,445.18,520.98,673.56
3a712cf6-4f0f-41bb-a77c-6e6ba4a549e1.jpeg,3264,2448,British Shorthair Kitten,238.4,446.83,367.42,665.34
3a712cf6-4f0f-41bb-a77c-6e6ba4a549e1.jpeg,3264,2448,British Shorthair Kitten,137.49,464.15,239.31,657.95
3a712cf6-4f0f-41bb-a77c-6e6ba4a549e1.jpeg,3264,2448,British Shorthair Kitten,32.29,465.71,135.02,655.49
3a712cf6-4f0f-41bb-a77c-6e6ba4a549e1.jpeg,3264,2448,Kitten,706.57,818,774.73,928.94
3a712cf6-4f0f-41bb-a77c-6e6ba4a549e1.jpeg,3264,2448,Kitten,781.29,823.01,846.99,941.26
3a712cf6-4f0f-41bb-a77c-6e6ba4a549e1.jpeg,3264,2448,Kitten,851.92,825.47,927.47,947.83
3a712cf6-4f0f-41bb-a77c-6e6ba4a549e1.jpeg,3264,2448,Kitten,930.75,832.04,1003.84,954.4
3a712cf6-4f0f-41bb-a77c-6e6ba4a549e1.jpeg,3264,2448,Kitten,1003.84,836.97,1084.31,956.86
3a712cf6-4f0f-41bb-a77c-6e6ba4a549e1.jpeg,3264,2448,Kitten Sterilised,1088.42,840.26,1159.86,961.79
3a712cf6-4f0f-41bb-a77c-6e6ba4a549e1.jpeg,3264,2448,Kitten Sterilised,1166.43,846.83,1243.62,965.9
3a712cf6-4f0f-41bb-a77c-6e6ba4a549e1.jpeg,3264,2448,Kitten Sterilised,1250.19,852.57,1324.1,972.47
3a712cf6-4f0f-41bb-a77c-6e6ba4a549e1.jpeg,3264,2448,Kitten Sterilised,1330.67,858.32,1401.29,978.22
3a712cf6-4f0f-41bb-a77c-6e6ba4a549e1.jpeg,3264,2448,Kitten Sterilised,1410.32,860.79,1483.41,982.32
3a712cf6-4f0f-41bb-a77c-6e6ba4a549e1.jpeg,3264,2448,Sterilised 37,1494.08,861.61,1568.81,992.18
3a712cf6-4f0f-41bb-a77c-6e6ba4a549e1.jpeg,3264,2448,Sterilised 37,1575.38,865.71,1644.36,997.1
3a712cf6-4f0f-41bb-a77c-6e6ba4a549e1.jpeg,3264,2448,Sterilised 37,1662.43,875.57,1737.97,1001.21
3a712cf6-4f0f-41bb-a77c-6e6ba4a549e1.jpeg,3264,2448,Sterilised 37,1743.72,883.78,1826.66,1007.78
3a712cf6-4f0f-41bb-a77c-6e6ba4a549e1.jpeg,3264,2448,Ageing 12+,2495.11,909.15,2603.51,1043.91
3a712cf6-4f0f-41bb-a77c-6e6ba4a549e1.jpeg,3264,2448,Ageing 12+,2611.72,920.73,2685.62,1064.44
3a712cf6-4f0f-41bb-a77c-6e6ba4a549e1.jpeg,3264,2448,Indoor Long Hair,2593.57,1116.09,2727.5,1371.48
3a712cf6-4f0f-41bb-a77c-6e6ba4a549e1.jpeg,3264,2448,Indoor 27,2302.05,1088.17,2446.66,1315.64
3a712cf6-4f0f-41bb-a77c-6e6ba4a549e1.jpeg,3264,2448,Sterilised 37,2173.12,1065.18,2294.74,1301.68
3a712cf6-4f0f-41bb-a77c-6e6ba4a549e1.jpeg,3264,2448,Sterilised 37,2055.69,1056.15,2161.71,1286.9
3a712cf6-4f0f-41bb-a77c-6e6ba4a549e1.jpeg,3264,2448,Sterilised 37,1931.69,1056.97,2043.46,1276.22
3a712cf6-4f0f-41bb-a77c-6e6ba4a549e1.jpeg,3264,2448,Sterilised 37,1805.2,1058.61,1923.56,1269.65
3a712cf6-4f0f-41bb-a77c-6e6ba4a549e1.jpeg,3264,2448,Sterilised 37,1643.05,1033.73,1797.7,1257.57
3a712cf6-4f0f-41bb-a77c-6e6ba4a549e1.jpeg,3264,2448,Sterilised 37,1486.34,1026.88,1636.89,1246.62
3a712cf6-4f0f-41bb-a77c-6e6ba4a549e1.jpeg,3264,2448,Norwegian Forest Adult,1380.95,1033.73,1479.49,1233.62
3a712cf6-4f0f-41bb-a77c-6e6ba4a549e1.jpeg,3264,2448,Norwegian Forest Adult,1270.78,1020.72,1376.16,1228.83
3a712cf6-4f0f-41bb-a77c-6e6ba4a549e1.jpeg,3264,2448,Persian Adult,1160.6,1010.46,1262.56,1219.93
3a712cf6-4f0f-41bb-a77c-6e6ba4a549e1.jpeg,3264,2448,Persian Adult,1055.9,1012.51,1153.76,1206.24
3a712cf6-4f0f-41bb-a77c-6e6ba4a549e1.jpeg,3264,2448,Bengal Adult,948.46,999.51,1051.79,1199.4
3a712cf6-4f0f-41bb-a77c-6e6ba4a549e1.jpeg,3264,2448,British Shorthair Adult,791.75,978.98,941.62,1188.45
3a712cf6-4f0f-41bb-a77c-6e6ba4a549e1.jpeg,3264,2448,British Shorthair Adult,661.73,972.8,787.65,1174.08
3a712cf6-4f0f-41bb-a77c-6e6ba4a549e1.jpeg,3264,2448,British Shorthair Adult,567.29,969.4,658.99,1169.29
3a712cf6-4f0f-41bb-a77c-6e6ba4a549e1.jpeg,3264,2448,British Shorthair Adult,469.44,967.35,563.87,1162.45
3a712cf6-4f0f-41bb-a77c-6e6ba4a549e1.jpeg,3264,2448,Maine Coon Adult,329.83,944.77,466.01,1147.39
3a712cf6-4f0f-41bb-a77c-6e6ba4a549e1.jpeg,3264,2448,Maine Coon Adult,199.13,937.24,328.47,1139.87
3a712cf6-4f0f-41bb-a77c-6e6ba4a549e1.jpeg,3264,2448,Maine Coon Adult,113.59,945.52,203.24,1133.71
3a712cf6-4f0f-41bb-a77c-6e6ba4a549e1.jpeg,3264,2448,Sphynx Adult,171.76,1178.12,262.09,1347.21
3a712cf6-4f0f-41bb-a77c-6e6ba4a549e1.jpeg,3264,2448,Sphynx Adult,277.83,1182.91,391.42,1357.48
3a712cf6-4f0f-41bb-a77c-6e6ba4a549e1.jpeg,3264,2448,Sphynx Adult,403.74,1190.44,465.33,1364.32
3a712cf6-4f0f-41bb-a77c-6e6ba4a549e1.jpeg,3264,2448,Sphynx Adult,469.44,1191.19,616.57,1386.91
3a712cf6-4f0f-41bb-a77c-6e6ba4a549e1.jpeg,3264,2448,Siamese Adult,623.41,1214.46,724.69,1401.96
3a712cf6-4f0f-41bb-a77c-6e6ba4a549e1.jpeg,3264,2448,Siamese Adult,734.27,1221.98,834.18,1408.8
3a712cf6-4f0f-41bb-a77c-6e6ba4a549e1.jpeg,3264,2448,Siberian Adult,843.08,1224.04,942.99,1419.75
3a712cf6-4f0f-41bb-a77c-6e6ba4a549e1.jpeg,3264,2448,Siberian Adult,951.88,1236.36,1054.53,1430.7
3a712cf6-4f0f-41bb-a77c-6e6ba4a549e1.jpeg,3264,2448,Norwegian Forest Adult,1068.9,1240.46,1172.23,1440.97
3a712cf6-4f0f-41bb-a77c-6e6ba4a549e1.jpeg,3264,2448,Norwegian Forest Adult,1183.18,1255.52,1278.99,1455.34
3a712cf6-4f0f-41bb-a77c-6e6ba4a549e1.jpeg,3264,2448,Fit 32,1291.3,1269.13,1405.59,1455.34
3a712cf6-4f0f-41bb-a77c-6e6ba4a549e1.jpeg,3264,2448,Fit 32,1403.53,1273.92,1551.35,1469.02
3a712cf6-4f0f-41bb-a77c-6e6ba4a549e1.jpeg,3264,2448,Fit 32,1554.08,1288.29,1701.9,1488.18
3a712cf6-4f0f-41bb-a77c-6e6ba4a549e1.jpeg,3264,2448,Ageing 12+,2226.77,1337.63,2372.53,1566.2
3a712cf6-4f0f-41bb-a77c-6e6ba4a549e1.jpeg,3264,2448,Ageing 12+,2375.95,1365.62,2521.03,1570.99
3a712cf6-4f0f-41bb-a77c-6e6ba4a549e1.jpeg,3264,2448,Sterilised 7+,2391.01,1633.88,2600.41,2058.22
3a712cf6-4f0f-41bb-a77c-6e6ba4a549e1.jpeg,3264,2448,Sterilised 37,2146.02,1625.73,2388.27,1947.37
3a712cf6-4f0f-41bb-a77c-6e6ba4a549e1.jpeg,3264,2448,Sterilised 37,1930.46,1578.45,2141.23,1956.26
3a712cf6-4f0f-41bb-a77c-6e6ba4a549e1.jpeg,3264,2448,Sterilised 37,1699.85,1577.15,1906.51,1914.52
3a712cf6-4f0f-41bb-a77c-6e6ba4a549e1.jpeg,3264,2448,Sterilised 37,1412.43,1529.86,1600.62,1877.56
3a712cf6-4f0f-41bb-a77c-6e6ba4a549e1.jpeg,3264,2448,Sterilised 37,1143.49,1494.28,1345.37,1832.4
3a712cf6-4f0f-41bb-a77c-6e6ba4a549e1.jpeg,3264,2448,Protein Exigent,869.76,1460.06,1060,1793.39
3a712cf6-4f0f-41bb-a77c-6e6ba4a549e1.jpeg,3264,2448,Kitten,663.1,1442.95,848.55,1773.55
3a712cf6-4f0f-41bb-a77c-6e6ba4a549e1.jpeg,3264,2448,Kitten,468.75,1419,658.31,1754.39
3a712cf6-4f0f-41bb-a77c-6e6ba4a549e1.jpeg,3264,2448,Maine Coon Adult,281.93,1413.53,463.96,1735.22
3a712cf6-4f0f-41bb-a77c-6e6ba4a549e1.jpeg,3264,2448,Maine Coon Adult,112.91,1395.05,279.88,1712.64
3ea67ca2-41ff-44a4-8e2f-96a164f8f9d3.jpeg,3264,2448,British Shorthair Adult,664.09,10.21,997.16,619.14
3ea67ca2-41ff-44a4-8e2f-96a164f8f9d3.jpeg,3264,2448,Sphynx Adult,1046.2,10.21,1342.49,625.27
3ea67ca2-41ff-44a4-8e2f-96a164f8f9d3.jpeg,3264,2448,Persian Adult,1352.71,4.08,1646.95,635.48
3ea67ca2-41ff-44a4-8e2f-96a164f8f9d3.jpeg,3264,2448,Urinary Care,2008.63,4.08,2327.39,613.01
3ea67ca2-41ff-44a4-8e2f-96a164f8f9d3.jpeg,3264,2448,Ageing 12+,2368.26,8.17,2666.59,610.96
3ea67ca2-41ff-44a4-8e2f-96a164f8f9d3.jpeg,3264,2448,Kitten,2734.03,10.21,3069.14,610.96
3ea67ca2-41ff-44a4-8e2f-96a164f8f9d3.jpeg,3264,2448,Fit 32,2958.79,664.09,3206.04,1040.07
3ea67ca2-41ff-44a4-8e2f-96a164f8f9d3.jpeg,3264,2448,Savour Exigent,2721.76,672.26,2946.53,1040.07
3ea67ca2-41ff-44a4-8e2f-96a164f8f9d3.jpeg,3264,2448,Sterilised 7+,2472.47,680.44,2715.64,1052.33
3ea67ca2-41ff-44a4-8e2f-96a164f8f9d3.jpeg,3264,2448,Sterilised 37,2225.23,682.48,2464.3,1048.25
3ea67ca2-41ff-44a4-8e2f-96a164f8f9d3.jpeg,3264,2448,Indoor 27,2008.63,684.53,2217.05,1046.2
3ea67ca2-41ff-44a4-8e2f-96a164f8f9d3.jpeg,3264,2448,Indoor 7+,1789.99,686.57,2002.5,1054.37
3ea67ca2-41ff-44a4-8e2f-96a164f8f9d3.jpeg,3264,2448,Indoor Long Hair,1557.04,696.79,1783.86,1050.29
3ea67ca2-41ff-44a4-8e2f-96a164f8f9d3.jpeg,3264,2448,Sensible 33,1322.06,700.87,1542.74,1054.38
3ea67ca2-41ff-44a4-8e2f-96a164f8f9d3.jpeg,3264,2448,Ageing 12+,1095.24,680.44,1313.88,1054.37
3ea67ca2-41ff-44a4-8e2f-96a164f8f9d3.jpeg,3264,2448,Sterilised 37,782.61,684.53,1087.07,1046.2
3ea67ca2-41ff-44a4-8e2f-96a164f8f9d3.jpeg,3264,2448,Savour Exigent,482.23,680.44,770.35,1042.11
3ea67ca2-41ff-44a4-8e2f-96a164f8f9d3.jpeg,3264,2448,Siamese Adult,1362.92,1113.63,1589.74,1463.05
3ea67ca2-41ff-44a4-8e2f-96a164f8f9d3.jpeg,3264,2448,Sphynx Adult,1599.96,1113.63,1818.6,1461.01
3ea67ca2-41ff-44a4-8e2f-96a164f8f9d3.jpeg,3264,2448,British Shorthair Adult,1824.72,1107.5,2043.37,1458.96
3ea67ca2-41ff-44a4-8e2f-96a164f8f9d3.jpeg,3264,2448,British Shorthair Kitten,2049.5,1113.63,2276.31,1458.96
3ea67ca2-41ff-44a4-8e2f-96a164f8f9d3.jpeg,3264,2448,Maine Coon Adult,2282.44,1107.5,2503.13,1454.87
3ea67ca2-41ff-44a4-8e2f-96a164f8f9d3.jpeg,3264,2448,Maine Coon Kitten,2509.25,1109.55,2738.11,1458.96
3ea67ca2-41ff-44a4-8e2f-96a164f8f9d3.jpeg,3264,2448,Persian Adult,2738.11,1105.46,2958.8,1456.92
3ea67ca2-41ff-44a4-8e2f-96a164f8f9d3.jpeg,3264,2448,Persian Kitten,2962.88,1105.46,3214.22,1465.09
3ea67ca2-41ff-44a4-8e2f-96a164f8f9d3.jpeg,3264,2448,Mother & Babycat,2913.84,1559.09,3138.61,1945.28
3ea67ca2-41ff-44a4-8e2f-96a164f8f9d3.jpeg,3264,2448,Kitten,2676.81,1557.04,2905.67,1943.24
3ea67ca2-41ff-44a4-8e2f-96a164f8f9d3.jpeg,3264,2448,Oral Care,2206.84,1557.04,2431.61,1945.29
3ea67ca2-41ff-44a4-8e2f-96a164f8f9d3.jpeg,3264,2448,Hairball Care,1977.98,1559.09,2198.66,1935.07
3ea67ca2-41ff-44a4-8e2f-96a164f8f9d3.jpeg,3264,2448,Digestive Care,1728.69,1522.31,1947.33,1928.94
3ea67ca2-41ff-44a4-8e2f-96a164f8f9d3.jpeg,3264,2448,Urinary Care,1483.48,1546.83,1693.95,1924.85
3ea67ca2-41ff-44a4-8e2f-96a164f8f9d3.jpeg,3264,2448,Sterilised 37,1121.81,2159.84,1279.15,2382.57
3ea67ca2-41ff-44a4-8e2f-96a164f8f9d3.jpeg,3264,2448,Kitten,1287.32,2168.01,1440.57,2394.83
3ea67ca2-41ff-44a4-8e2f-96a164f8f9d3.jpeg,3264,2448,Maine Coon Adult,1465.09,2163.92,1620.39,2382.56
3ea67ca2-41ff-44a4-8e2f-96a164f8f9d3.jpeg,3264,2448,Maine Coon Adult,1665.34,2178.23,1826.77,2396.87
5314d4ee-eac9-47ce-82c9-03e9dfb2b0af.jpeg,3264,2448,Maine Coon Kitten,2090.36,279.94,2268.14,570.1
5314d4ee-eac9-47ce-82c9-03e9dfb2b0af.jpeg,3264,2448,Maine Coon Kitten,2274.27,87.86,2499.04,566.01
5314d4ee-eac9-47ce-82c9-03e9dfb2b0af.jpeg,3264,2448,Mother & Babycat,2499.04,87.86,2736.07,559.88
5314d4ee-eac9-47ce-82c9-03e9dfb2b0af.jpeg,3264,2448,Light Weight Care,2754.46,232.94,2936.32,559.88
5314d4ee-eac9-47ce-82c9-03e9dfb2b0af.jpeg,3264,2448,Light Weight Care,2922.02,12.26,3138.61,551.71
5314d4ee-eac9-47ce-82c9-03e9dfb2b0af.jpeg,3264,2448,Hair & Skin Care,3101.83,709.04,3257.13,1005.33
5314d4ee-eac9-47ce-82c9-03e9dfb2b0af.jpeg,3264,2448,Hair & Skin Care,2856.63,635.48,3089.57,1001.25
5314d4ee-eac9-47ce-82c9-03e9dfb2b0af.jpeg,3264,2448,Kitten,2625.73,625.27,2840.28,1005.33
5314d4ee-eac9-47ce-82c9-03e9dfb2b0af.jpeg,3264,2448,Kitten,2466.34,729.48,2625.73,1005.33
5314d4ee-eac9-47ce-82c9-03e9dfb2b0af.jpeg,3264,2448,Siberian Adult,2245.66,625.27,2460.21,1003.29
5314d4ee-eac9-47ce-82c9-03e9dfb2b0af.jpeg,3264,2448,Maine Coon Adult,2020.89,631.4,2237.49,1001.25
5314d4ee-eac9-47ce-82c9-03e9dfb2b0af.jpeg,3264,2448,Maine Coon Adult,1849.25,719.26,2008.63,1003.29
5314d4ee-eac9-47ce-82c9-03e9dfb2b0af.jpeg,3264,2448,British Shorthair Adult,1883.59,1084.85,1989.72,1253.87
5314d4ee-eac9-47ce-82c9-03e9dfb2b0af.jpeg,3264,2448,British Shorthair Adult,1872.7,1257.98,1991.09,1429.06
5314d4ee-eac9-47ce-82c9-03e9dfb2b0af.jpeg,3264,2448,Maine Coon Adult,1997.25,1266.19,2110.16,1425.64
5314d4ee-eac9-47ce-82c9-03e9dfb2b0af.jpeg,3264,2448,Maine Coon Adult,2001.97,1106.74,2120.43,1260.72
5314d4ee-eac9-47ce-82c9-03e9dfb2b0af.jpeg,3264,2448,Kitten,2120.43,1259.35,2233.34,1432.48
5314d4ee-eac9-47ce-82c9-03e9dfb2b0af.jpeg,3264,2448,Kitten,2244.29,1264.82,2360.63,1432.48
5314d4ee-eac9-47ce-82c9-03e9dfb2b0af.jpeg,3264,2448,Kitten Sterilised,2370.21,1264.82,2485.86,1431.8
5314d4ee-eac9-47ce-82c9-03e9dfb2b0af.jpeg,3264,2448,Kitten Sterilised,2381.77,1088.27,2487.23,1260.72
5314d4ee-eac9-47ce-82c9-03e9dfb2b0af.jpeg,3264,2448,Kitten,2251.75,1091.69,2366.78,1255.24
5314d4ee-eac9-47ce-82c9-03e9dfb2b0af.jpeg,3264,2448,Urinary Care,2766.15,1265.75,2886.37,1427.36
5314d4ee-eac9-47ce-82c9-03e9dfb2b0af.jpeg,3264,2448,Digestive Care,2891.29,1256.88,2994.76,1423.41
5314d4ee-eac9-47ce-82c9-03e9dfb2b0af.jpeg,3264,2448,Light Weight Care,3002.65,1077.53,3114,1236.18
5314d4ee-eac9-47ce-82c9-03e9dfb2b0af.jpeg,3264,2448,Light Weight Care,2998.71,1256.88,3077.54,1428.34
5314d4ee-eac9-47ce-82c9-03e9dfb2b0af.jpeg,3264,2448,Hairball Care,3049.95,1493.38,3255.9,1834.43
5314d4ee-eac9-47ce-82c9-03e9dfb2b0af.jpeg,3264,2448,Hairball Care,2864.69,1562.46,3029.25,1835.42
5314d4ee-eac9-47ce-82c9-03e9dfb2b0af.jpeg,3264,2448,Urinary Care,2648.88,1490.52,2859.76,1830.49
5314d4ee-eac9-47ce-82c9-03e9dfb2b0af.jpeg,3264,2448,Urinary Care,2476.43,1565.31,2643.96,1827.54
5314d4ee-eac9-47ce-82c9-03e9dfb2b0af.jpeg,3264,2448,British Shorthair Adult,2244.86,1485.49,2473.48,1834.43
5314d4ee-eac9-47ce-82c9-03e9dfb2b0af.jpeg,3264,2448,British Shorthair Adult,2071.43,1555.56,2232.05,1827.53
5314d4ee-eac9-47ce-82c9-03e9dfb2b0af.jpeg,3264,2448,British Shorthair Kitten,1909.82,1548.56,2071.43,1827.53
5314d4ee-eac9-47ce-82c9-03e9dfb2b0af.jpeg,3264,2448,British Shorthair Kitten,1743.28,1546.59,1901.93,1821.52
5314d4ee-eac9-47ce-82c9-03e9dfb2b0af.jpeg,3264,2448,Persian Adult,1855.81,1962.52,2010.48,2246.32
5314d4ee-eac9-47ce-82c9-03e9dfb2b0af.jpeg,3264,2448,Sphynx Adult,2014.74,1968.05,2176.5,2239.22
5314d4ee-eac9-47ce-82c9-03e9dfb2b0af.jpeg,3264,2448,Sphynx Adult,2186.44,1895.82,2396.45,2234.97
5314d4ee-eac9-47ce-82c9-03e9dfb2b0af.jpeg,3264,2448,Kitten Sterilised,2403.54,1951.02,2556.8,2237.8
5314d4ee-eac9-47ce-82c9-03e9dfb2b0af.jpeg,3264,2448,Oral Care,2569.57,1952.58,2725.66,2237.8
5314d4ee-eac9-47ce-82c9-03e9dfb2b0af.jpeg,3264,2448,Digestive Care,2734.17,1934,2895.94,2234.97
5314d4ee-eac9-47ce-82c9-03e9dfb2b0af.jpeg,3264,2448,Savour Exigent,3130,1932.82,3264,2234.05
5c27b519-171a-43f2-9504-6884a6e9bd45.jpeg,3264,2448,British Shorthair Adult,471.4,163.85,597.53,393.55
5c27b519-171a-43f2-9504-6884a6e9bd45.jpeg,3264,2448,Maine Coon Adult,601.47,165.92,743.37,397.49
5c27b519-171a-43f2-9504-6884a6e9bd45.jpeg,3264,2448,Bengal Adult,745.34,166.8,887.24,397.49
5c27b519-171a-43f2-9504-6884a6e9bd45.jpeg,3264,2448,Sphynx Adult,892.17,162.96,1040.97,391.58
5c27b519-171a-43f2-9504-6884a6e9bd45.jpeg,3264,2448,Protein Exigent,1047.87,152.02,1180.9,392.56
5c27b519-171a-43f2-9504-6884a6e9bd45.jpeg,3264,2448,Savour Exigent,1184.84,160,1333.64,393.55
5c27b519-171a-43f2-9504-6884a6e9bd45.jpeg,3264,2448,Aroma Exigent,1336.6,162.86,1476.53,391.58
5c27b519-171a-43f2-9504-6884a6e9bd45.jpeg,3264,2448,Digestive Care,1482.44,162.96,1630.25,388.62
5c27b519-171a-43f2-9504-6884a6e9bd45.jpeg,3264,2448,Bengal Adult,1634.19,160.89,1772.15,390.59
5c27b519-171a-43f2-9504-6884a6e9bd45.jpeg,3264,2448,Hair & Skin Care,1773.14,160.99,1915.04,390.59
5c27b519-171a-43f2-9504-6884a6e9bd45.jpeg,3264,2448,Sensible 33,2037.23,427.94,2176.17,649.76
5c27b519-171a-43f2-9504-6884a6e9bd45.jpeg,3264,2448,Fit 32,1894.35,430.99,2032.3,652.71
5c27b519-171a-43f2-9504-6884a6e9bd45.jpeg,3264,2448,Indoor 27,1755.4,437.79,1892.37,653.7
5c27b519-171a-43f2-9504-6884a6e9bd45.jpeg,3264,2448,Ageing 12+,1613.5,437.89,1755.4,654.69
5c27b519-171a-43f2-9504-6884a6e9bd45.jpeg,3264,2448,Ageing Sterilised 12+,1473.57,437.79,1612.51,654.69
5c27b519-171a-43f2-9504-6884a6e9bd45.jpeg,3264,2448,Sterilised 7+,1333.64,437.89,1472.59,663.55
5c27b519-171a-43f2-9504-6884a6e9bd45.jpeg,3264,2448,Sterilised 37,1187.8,436.81,1333.64,663.55
5c27b519-171a-43f2-9504-6884a6e9bd45.jpeg,3264,2448,Persian Adult,1052.79,438.88,1185.83,658.63
5c27b519-171a-43f2-9504-6884a6e9bd45.jpeg,3264,2448,British Shorthair Kitten,904.98,439.76,1052.8,658.63
5c27b519-171a-43f2-9504-6884a6e9bd45.jpeg,3264,2448,Sphynx Kitten,757.17,439.86,904.98,663.55
5c27b519-171a-43f2-9504-6884a6e9bd45.jpeg,3264,2448,Kitten,602.46,731.55,720.71,873.45
5c27b519-171a-43f2-9504-6884a6e9bd45.jpeg,3264,2448,Kitten,602.46,894.14,718.74,1020.28
5c27b519-171a-43f2-9504-6884a6e9bd45.jpeg,3264,2448,Sterilised 37,718.74,879.36,829.1,1023.23
5c27b519-171a-43f2-9504-6884a6e9bd45.jpeg,3264,2448,Sterilised 37,828.12,875.42,928.63,1021.26
5c27b519-171a-43f2-9504-6884a6e9bd45.jpeg,3264,2448,Sterilised 37,928.63,876.31,1025.2,1021.26
5c27b519-171a-43f2-9504-6884a6e9bd45.jpeg,3264,2448,Urinary Care,1239.04,876.4,1332.65,1013.38
5c27b519-171a-43f2-9504-6884a6e9bd45.jpeg,3264,2448,Indoor 27,1496.23,703.86,1672.62,1009.44
5c27b519-171a-43f2-9504-6884a6e9bd45.jpeg,3264,2448,Sterilised 37,1818.47,1055.65,1962.34,1292.25
5c27b519-171a-43f2-9504-6884a6e9bd45.jpeg,3264,2448,Sterilised 37,1674.6,1057.62,1809.6,1288.31
5c27b519-171a-43f2-9504-6884a6e9bd45.jpeg,3264,2448,Savour Exigent,1491.31,1049.84,1661.78,1298.17
5c27b519-171a-43f2-9504-6884a6e9bd45.jpeg,3264,2448,Protein Exigent,1305.06,1051.71,1490.32,1298.16
5c27b519-171a-43f2-9504-6884a6e9bd45.jpeg,3264,2448,Kitten,1106.99,1059.69,1286.34,1301.12
5c27b519-171a-43f2-9504-6884a6e9bd45.jpeg,3264,2448,Kitten,916.81,1070.43,1100.1,1303.09
5c27b519-171a-43f2-9504-6884a6e9bd45.jpeg,3264,2448,British Shorthair Adult,737.46,1069.55,912.87,1316.89
5c27b519-171a-43f2-9504-6884a6e9bd45.jpeg,3264,2448,British Shorthair Kitten,544.32,1068.46,731.55,1316.89
5c27b519-171a-43f2-9504-6884a6e9bd45.jpeg,3264,2448,Maine Coon Adult,566,1367.05,733.52,1644.05
5c27b519-171a-43f2-9504-6884a6e9bd45.jpeg,3264,2448,Bengal Adult,740.42,1363.2,948.34,1634.19
5c27b519-171a-43f2-9504-6884a6e9bd45.jpeg,3264,2448,Sterilised 37,952.28,1351.28,1119.8,1634.19
5c27b519-171a-43f2-9504-6884a6e9bd45.jpeg,3264,2448,Sterilised 7+,1121.78,1350.39,1295.21,1617.44
5c27b519-171a-43f2-9504-6884a6e9bd45.jpeg,3264,2448,Fit 32,1298.17,1345.37,1463.72,1622.37
5c27b519-171a-43f2-9504-6884a6e9bd45.jpeg,3264,2448,Digestive Care,1469.63,1344.48,1643.06,1614.49
5c27b519-171a-43f2-9504-6884a6e9bd45.jpeg,3264,2448,Hair & Skin Care,1648.98,1337.48,1820.44,1604.63
5c27b519-171a-43f2-9504-6884a6e9bd45.jpeg,3264,2448,Sterilised 37,1822.41,1377.89,1955.44,1603.65
5c27b519-171a-43f2-9504-6884a6e9bd45.jpeg,3264,2448,Sensible 33,1603.65,1689.28,1788.91,2053
5c27b519-171a-43f2-9504-6884a6e9bd45.jpeg,3264,2448,Ageing 12+,1437.11,1704.16,1598.72,2056.94
5c27b519-171a-43f2-9504-6884a6e9bd45.jpeg,3264,2448,Ageing 12+,1249.88,1713.91,1432.18,2063.84
5c27b519-171a-43f2-9504-6884a6e9bd45.jpeg,3264,2448,Fit 32,1008.45,1647.99,1232.14,2074.68
5c27b519-171a-43f2-9504-6884a6e9bd45.jpeg,3264,2448,Maine Coon Adult,753.23,1696.18,1007.47,2088.47
5c27b519-171a-43f2-9504-6884a6e9bd45.jpeg,3264,2448,Sphynx Adult,554.17,1709.09,744.36,2096.36
5c27b519-171a-43f2-9504-6884a6e9bd45.jpeg,3264,2448,Hairball Care,1631.43,163.13,1769.27,391.87
76a5d168-3bcd-4e44-b84e-05fc92f21896.jpeg,3264,2448,British Shorthair Kitten,173.68,8.17,388.24,288.11
76a5d168-3bcd-4e44-b84e-05fc92f21896.jpeg,3264,2448,British Shorthair Kitten,402.54,8.17,606.88,296.29
76a5d168-3bcd-4e44-b84e-05fc92f21896.jpeg,3264,2448,British Shorthair Kitten,621.18,6.13,864.34,296.28
76a5d168-3bcd-4e44-b84e-05fc92f21896.jpeg,3264,2448,Mother & Babycat,874.56,0,1132.02,320.81
76a5d168-3bcd-4e44-b84e-05fc92f21896.jpeg,3264,2448,Mother & Babycat,1132.02,8.17,1381.31,320.81
76a5d168-3bcd-4e44-b84e-05fc92f21896.jpeg,3264,2448,Mother & Babycat,1381.31,20.43,1550.91,333.07
76a5d168-3bcd-4e44-b84e-05fc92f21896.jpeg,3264,2448,Savour Exigent,1559.09,38.82,1708.25,341.24
76a5d168-3bcd-4e44-b84e-05fc92f21896.jpeg,3264,2448,Savour Exigent,1732.77,6.13,1951.41,347.37
76a5d168-3bcd-4e44-b84e-05fc92f21896.jpeg,3264,2448,Aroma Exigent,1959.59,69.47,2118.97,351.46
76a5d168-3bcd-4e44-b84e-05fc92f21896.jpeg,3264,2448,Aroma Exigent,2133.28,18.39,2313.09,355.54
76a5d168-3bcd-4e44-b84e-05fc92f21896.jpeg,3264,2448,Protein Exigent,2329.44,71.51,2478.6,367.8
76a5d168-3bcd-4e44-b84e-05fc92f21896.jpeg,3264,2448,Protein Exigent,2486.78,81.73,2625.73,365.76
76a5d168-3bcd-4e44-b84e-05fc92f21896.jpeg,3264,2448,Protein Exigent,2625.73,59.25,2821.9,361.67
76a5d168-3bcd-4e44-b84e-05fc92f21896.jpeg,3264,2448,Protein Exigent,2847.5,59.25,2991.49,369.85
76a5d168-3bcd-4e44-b84e-05fc92f21896.jpeg,3264,2448,Hairball Care,2995.58,130.77,3130.44,373.93
76a5d168-3bcd-4e44-b84e-05fc92f21896.jpeg,3264,2448,Hairball Care,3130.3,69.47,3257.13,382.11
76a5d168-3bcd-4e44-b84e-05fc92f21896.jpeg,3264,2448,Hair & Skin Care,3085.48,443.41,3253.04,721.31
76a5d168-3bcd-4e44-b84e-05fc92f21896.jpeg,3264,2448,Hair & Skin Care,2952.66,474.06,3071.18,725.39
76a5d168-3bcd-4e44-b84e-05fc92f21896.jpeg,3264,2448,Hair & Skin Care,2809.63,467.93,2938.36,719.26
76a5d168-3bcd-4e44-b84e-05fc92f21896.jpeg,3264,2448,Sterilised 37,2613.46,435.23,2799.41,727.44
76a5d168-3bcd-4e44-b84e-05fc92f21896.jpeg,3264,2448,Sterilised 37,2407.09,463.84,2560.34,723.35
76a5d168-3bcd-4e44-b84e-05fc92f21896.jpeg,3264,2448,Sterilised 37,2202.75,451.58,2360.09,723.35
76a5d168-3bcd-4e44-b84e-05fc92f21896.jpeg,3264,2448,Sterilised 37,1977.98,443.41,2151.66,725.39
76a5d168-3bcd-4e44-b84e-05fc92f21896.jpeg,3264,2448,Kitten Sterilised,1720.51,410.71,1918.72,717.22
76a5d168-3bcd-4e44-b84e-05fc92f21896.jpeg,3264,2448,Kitten Sterilised,1544.78,429.1,1693.95,727.44
76a5d168-3bcd-4e44-b84e-05fc92f21896.jpeg,3264,2448,Kitten,1311.84,386.19,1528.44,727.44
76a5d168-3bcd-4e44-b84e-05fc92f21896.jpeg,3264,2448,Kitten,1121.81,431.15,1295.49,723.35
76a5d168-3bcd-4e44-b84e-05fc92f21896.jpeg,3264,2448,Maine Coon Kitten,862.3,365.76,1111.59,713.13
76a5d168-3bcd-4e44-b84e-05fc92f21896.jpeg,3264,2448,Maine Coon Kitten,422.97,398.45,586.44,713.13
76a5d168-3bcd-4e44-b84e-05fc92f21896.jpeg,3264,2448,Maine Coon Kitten,198.2,402.54,418.89,713.13
76a5d168-3bcd-4e44-b84e-05fc92f21896.jpeg,3264,2448,British Shorthair Adult,222.72,798.95,435.23,1109.55
76a5d168-3bcd-4e44-b84e-05fc92f21896.jpeg,3264,2448,British Shorthair Adult,435.23,778.52,686.57,1109.55
76a5d168-3bcd-4e44-b84e-05fc92f21896.jpeg,3264,2448,Maine Coon Adult,700.87,817.34,878.65,1103.42
76a5d168-3bcd-4e44-b84e-05fc92f21896.jpeg,3264,2448,Maine Coon Adult,886.82,786.69,1111.59,1095.24
76a5d168-3bcd-4e44-b84e-05fc92f21896.jpeg,3264,2448,Sterilised 7+,1136.11,803.04,1305.71,1091.16
76a5d168-3bcd-4e44-b84e-05fc92f21896.jpeg,3264,2448,Sterilised 7+,1326.14,788.74,1491.66,1091.16
76a5d168-3bcd-4e44-b84e-05fc92f21896.jpeg,3264,2448,Sterilised 7+,1544.78,780.56,1700.08,1089.11
76a5d168-3bcd-4e44-b84e-05fc92f21896.jpeg,3264,2448,Sterilised 7+,1728.69,788.74,1941.2,1080.94
76a5d168-3bcd-4e44-b84e-05fc92f21896.jpeg,3264,2448,Sterilised 7+,1947.33,801,2151.67,1074.81
76a5d168-3bcd-4e44-b84e-05fc92f21896.jpeg,3264,2448,Sterilised 7+,2159.84,801,2429.56,1074.81
76a5d168-3bcd-4e44-b84e-05fc92f21896.jpeg,3264,2448,Sterilised 37,2443.87,788.74,2650.25,1066.63
76a5d168-3bcd-4e44-b84e-05fc92f21896.jpeg,3264,2448,Digestive Care,2668.64,819.39,2815.76,1052.33
76a5d168-3bcd-4e44-b84e-05fc92f21896.jpeg,3264,2448,Digestive Care,2850.5,786.69,3011.92,1062.55
76a5d168-3bcd-4e44-b84e-05fc92f21896.jpeg,3264,2448,Digestive Care,3016.01,786.69,3236.7,1050.29
76a5d168-3bcd-4e44-b84e-05fc92f21896.jpeg,3264,2448,Urinary Care,2997.62,1105.46,3193.78,1369.05
76a5d168-3bcd-4e44-b84e-05fc92f21896.jpeg,3264,2448,Urinary Care,2783.07,1148.37,2915.89,1371.1
76a5d168-3bcd-4e44-b84e-05fc92f21896.jpeg,3264,2448,Indoor 7+,2511.3,1121.81,2713.59,1383.36
76a5d168-3bcd-4e44-b84e-05fc92f21896.jpeg,3264,2448,Indoor 7+,2280.4,1125.89,2490.86,1393.57
76a5d168-3bcd-4e44-b84e-05fc92f21896.jpeg,3264,2448,Fit 32,2018.85,1142.24,2237.49,1418.1
76a5d168-3bcd-4e44-b84e-05fc92f21896.jpeg,3264,2448,Fit 32,1824.72,1150.41,2010.67,1418.1
76a5d168-3bcd-4e44-b84e-05fc92f21896.jpeg,3264,2448,Sphynx Adult,888.86,1152.46,1134.07,1448.75
76a5d168-3bcd-4e44-b84e-05fc92f21896.jpeg,3264,2448,Sphynx Adult,702.92,1176.98,878.65,1471.22
76a5d168-3bcd-4e44-b84e-05fc92f21896.jpeg,3264,2448,Siamese Adult,439.32,1170.85,698.83,1475.31
76a5d168-3bcd-4e44-b84e-05fc92f21896.jpeg,3264,2448,Siamese Adult,251.33,1170.85,437.28,1493.7
76a5d168-3bcd-4e44-b84e-05fc92f21896.jpeg,3264,2448,Bengal Adult,279.94,1540.7,482.23,1839.03
76a5d168-3bcd-4e44-b84e-05fc92f21896.jpeg,3264,2448,Bengal Adult,482.23,1524.35,721.3,1839.03
76a5d168-3bcd-4e44-b84e-05fc92f21896.jpeg,3264,2448,Persian Adult,719.26,1524.35,894.99,1812.46
76a5d168-3bcd-4e44-b84e-05fc92f21896.jpeg,3264,2448,Sensible 33,919.51,1512.09,1095.24,1802.25
76a5d168-3bcd-4e44-b84e-05fc92f21896.jpeg,3264,2448,Sensible 33,1134.07,1512.09,1301.62,1781.81
76a5d168-3bcd-4e44-b84e-05fc92f21896.jpeg,3264,2448,Sensible 33,1303.67,1493.7,1518.22,1767.51
76a5d168-3bcd-4e44-b84e-05fc92f21896.jpeg,3264,2448,Sensible 33,1540.7,1493.7,1732.77,1761.38
76a5d168-3bcd-4e44-b84e-05fc92f21896.jpeg,3264,2448,Indoor 27,1734.82,1483.48,1888.07,1761.38
76a5d168-3bcd-4e44-b84e-05fc92f21896.jpeg,3264,2448,Indoor 27,1900.33,1483.48,2069.93,1730.73
76a5d168-3bcd-4e44-b84e-05fc92f21896.jpeg,3264,2448,Indoor Long Hair,2084.23,1471.22,2231.36,1722.56
76a5d168-3bcd-4e44-b84e-05fc92f21896.jpeg,3264,2448,Indoor Long Hair,2239.53,1473.27,2421.39,1704.17
76a5d168-3bcd-4e44-b84e-05fc92f21896.jpeg,3264,2448,Indoor Appetite Control,2423.43,1456.92,2543.99,1702.12
76a5d168-3bcd-4e44-b84e-05fc92f21896.jpeg,3264,2448,Indoor Appetite Control,2568.51,1448.75,2717.68,1685.78
76a5d168-3bcd-4e44-b84e-05fc92f21896.jpeg,3264,2448,Indoor Appetite Control,2731.98,1430.36,2915.88,1679.65
76a5d168-3bcd-4e44-b84e-05fc92f21896.jpeg,3264,2448,Light Weight Care,2928.14,1708.25,3075.27,1939.15
76a5d168-3bcd-4e44-b84e-05fc92f21896.jpeg,3264,2448,Light Weight Care,2795.33,1730.73,2915.89,1971.85
76a5d168-3bcd-4e44-b84e-05fc92f21896.jpeg,3264,2448,Light Weight Care,2674.77,1738.9,2787.15,1965.72
76a5d168-3bcd-4e44-b84e-05fc92f21896.jpeg,3264,2448,Ageing 12+,2507.21,1745.03,2662.51,1984.11
76a5d168-3bcd-4e44-b84e-05fc92f21896.jpeg,3264,2448,Ageing 12+,2327.39,1757.29,2496.99,1988.19
76a5d168-3bcd-4e44-b84e-05fc92f21896.jpeg,3264,2448,Ageing 12+,2172.1,1761.38,2315.13,2010.67
76a5d168-3bcd-4e44-b84e-05fc92f21896.jpeg,3264,2448,Ageing Sterilised 12+,2012.72,1783.86,2159.84,2010.67
76a5d168-3bcd-4e44-b84e-05fc92f21896.jpeg,3264,2448,Ageing Sterilised 12+,1816.55,1787.95,2000.45,2049.5
76a5d168-3bcd-4e44-b84e-05fc92f21896.jpeg,3264,2448,Ageing Sterilised 12+,1651.04,1818.6,1798.16,2047.45
76a5d168-3bcd-4e44-b84e-05fc92f21896.jpeg,3264,2448,Fit 32,1471.22,1818.6,1640.82,2078.1
76a5d168-3bcd-4e44-b84e-05fc92f21896.jpeg,3264,2448,Fit 32,1313.88,1841.07,1465.09,2086.28
76a5d168-3bcd-4e44-b84e-05fc92f21896.jpeg,3264,2448,Fit 32,1154.5,1847.2,1307.75,2108.75
76a5d168-3bcd-4e44-b84e-05fc92f21896.jpeg,3264,2448,Norwegian Forest Adult,927.69,1869.68,1150.41,2108.75
76a5d168-3bcd-4e44-b84e-05fc92f21896.jpeg,3264,2448,Norwegian Forest Adult,760.74,1869.68,926.25,2157.79
76a5d168-3bcd-4e44-b84e-05fc92f21896.jpeg,3264,2448,Siberian Adult,504.71,1881.94,760.13,2157.79
76a5d168-3bcd-4e44-b84e-05fc92f21896.jpeg,3264,2448,Siberian Adult,320.8,1902.37,496.53,2192.53
7b405bc7-2ba7-41d0-8d57-430622595b14.jpeg,3264,2448,British Shorthair Kitten,220.68,10.21,396.41,267.68
7b405bc7-2ba7-41d0-8d57-430622595b14.jpeg,3264,2448,British Shorthair Kitten,404.58,18.39,563.97,265.63
7b405bc7-2ba7-41d0-8d57-430622595b14.jpeg,3264,2448,British Shorthair Kitten,561.92,2.04,774.43,277.9
7b405bc7-2ba7-41d0-8d57-430622595b14.jpeg,3264,2448,Mother & Babycat,774.43,6.13,970.6,277.89
7b405bc7-2ba7-41d0-8d57-430622595b14.jpeg,3264,2448,Mother & Babycat,972.64,12.26,1179.02,298.33
7b405bc7-2ba7-41d0-8d57-430622595b14.jpeg,3264,2448,Mother & Babycat,1179.02,51.08,1320.01,298.33
7b405bc7-2ba7-41d0-8d57-430622595b14.jpeg,3264,2448,Savour Exigent,1317.97,40.86,1450.79,310.59
7b405bc7-2ba7-41d0-8d57-430622595b14.jpeg,3264,2448,Savour Exigent,1464.5,28.7,1646.95,306.5
7b405bc7-2ba7-41d0-8d57-430622595b14.jpeg,3264,2448,Aroma Exigent,1651.04,87.86,1777.73,314.68
7b405bc7-2ba7-41d0-8d57-430622595b14.jpeg,3264,2448,Aroma Exigent,1789.99,59.25,1945.28,326.94
7b405bc7-2ba7-41d0-8d57-430622595b14.jpeg,3264,2448,Protein Exigent,1967.76,69.47,2090.36,326.94
7b405bc7-2ba7-41d0-8d57-430622595b14.jpeg,3264,2448,Protein Exigent,2088.32,93.99,2217.05,326.94
7b405bc7-2ba7-41d0-8d57-430622595b14.jpeg,3264,2448,Protein Exigent,2221.14,67.43,2376.43,335.11
7b405bc7-2ba7-41d0-8d57-430622595b14.jpeg,3264,2448,Protein Exigent,2376.43,73.56,2543.99,333.06
7b405bc7-2ba7-41d0-8d57-430622595b14.jpeg,3264,2448,Hairball Care,2548.08,114.42,2640.03,333.07
7b405bc7-2ba7-41d0-8d57-430622595b14.jpeg,3264,2448,Hairball Care,2644.12,75.6,2815.76,333.07
7b405bc7-2ba7-41d0-8d57-430622595b14.jpeg,3264,2448,Hair & Skin Care,2613.46,390.28,2799.41,631.4
7b405bc7-2ba7-41d0-8d57-430622595b14.jpeg,3264,2448,Hair & Skin Care,2499.04,400.5,2607.34,631.4
7b405bc7-2ba7-41d0-8d57-430622595b14.jpeg,3264,2448,Hair & Skin Care,2380.52,394.37,2490.87,619.14
7b405bc7-2ba7-41d0-8d57-430622595b14.jpeg,3264,2448,Sterilised 37,2212.96,367.8,2382.56,631.4
7b405bc7-2ba7-41d0-8d57-430622595b14.jpeg,3264,2448,Sterilised 37,2037.24,402.54,2172.1,625.27
7b405bc7-2ba7-41d0-8d57-430622595b14.jpeg,3264,2448,Sterilised 37,1863.55,394.37,1998.41,623.22
7b405bc7-2ba7-41d0-8d57-430622595b14.jpeg,3264,2448,Sterilised 37,1679.65,392.32,1814.51,617.09
7b405bc7-2ba7-41d0-8d57-430622595b14.jpeg,3264,2448,Kitten Sterilised,1456.92,365.76,1632.65,615.05
7b405bc7-2ba7-41d0-8d57-430622595b14.jpeg,3264,2448,Kitten Sterilised,1315.93,375.98,1450.79,613.01
7b405bc7-2ba7-41d0-8d57-430622595b14.jpeg,3264,2448,Kitten,1134.07,355.54,1305.71,610.96
7b405bc7-2ba7-41d0-8d57-430622595b14.jpeg,3264,2448,Kitten,984.9,375.98,1119.76,617.09
7b405bc7-2ba7-41d0-8d57-430622595b14.jpeg,3264,2448,Maine Coon Kitten,774.43,339.2,976.73,604.83
7b405bc7-2ba7-41d0-8d57-430622595b14.jpeg,3264,2448,Maine Coon Kitten,414.8,351.46,572.14,596.66
7b405bc7-2ba7-41d0-8d57-430622595b14.jpeg,3264,2448,Maine Coon Kitten,255.42,351.46,412.76,594.62
7b405bc7-2ba7-41d0-8d57-430622595b14.jpeg,3264,2448,Siberian Adult,271.76,666.13,435.23,907.25
7b405bc7-2ba7-41d0-8d57-430622595b14.jpeg,3264,2448,British Shorthair Adult,447.49,660,631.4,907.25
7b405bc7-2ba7-41d0-8d57-430622595b14.jpeg,3264,2448,Maine Coon Adult,639.57,664.09,786.69,919.51
7b405bc7-2ba7-41d0-8d57-430622595b14.jpeg,3264,2448,Maine Coon Adult,788.74,660,970.6,905.21
7b405bc7-2ba7-41d0-8d57-430622595b14.jpeg,3264,2448,Sterilised 7+,986.94,662.05,1132.02,911.34
7b405bc7-2ba7-41d0-8d57-430622595b14.jpeg,3264,2448,Sterilised 7+,1150.41,662.05,1287.32,911.34
7b405bc7-2ba7-41d0-8d57-430622595b14.jpeg,3264,2448,Sterilised 7+,1317.97,662.05,1456.92,909.29
7b405bc7-2ba7-41d0-8d57-430622595b14.jpeg,3264,2448,Sterilised 7+,1471.22,666.13,1651.04,901.12
7b405bc7-2ba7-41d0-8d57-430622595b14.jpeg,3264,2448,Sterilised 7+,1653.08,672.26,1824.73,911.34
7b405bc7-2ba7-41d0-8d57-430622595b14.jpeg,3264,2448,Sterilised 7+,1824.72,680.44,2063.8,911.34
7b405bc7-2ba7-41d0-8d57-430622595b14.jpeg,3264,2448,Sterilised 37,2063.8,672.26,2255.88,913.38
7b405bc7-2ba7-41d0-8d57-430622595b14.jpeg,3264,2448,Digestive Care,2264.05,666.13,2384.61,903.17
7b405bc7-2ba7-41d0-8d57-430622595b14.jpeg,3264,2448,Digestive Care,2427.52,678.39,2560.34,901.12
7b405bc7-2ba7-41d0-8d57-430622595b14.jpeg,3264,2448,Urinary Care,2368.26,984.9,2482.69,1166.76
7b405bc7-2ba7-41d0-8d57-430622595b14.jpeg,3264,2448,Indoor 7+,2155.75,954.25,2300.83,1162.67
7b405bc7-2ba7-41d0-8d57-430622595b14.jpeg,3264,2448,Indoor 7+,1935.07,960.38,2116.93,1176.98
7b405bc7-2ba7-41d0-8d57-430622595b14.jpeg,3264,2448,Fit 32,1734.82,970.6,1886.03,1179.02
7b405bc7-2ba7-41d0-8d57-430622595b14.jpeg,3264,2448,Fit 32,1548.87,952.21,1722.56,1187.19
7b405bc7-2ba7-41d0-8d57-430622595b14.jpeg,3264,2448,Sphynx Adult,803.04,966.51,993.07,1191.28
7b405bc7-2ba7-41d0-8d57-430622595b14.jpeg,3264,2448,Sphynx Adult,651.83,968.55,790.78,1203.54
7b405bc7-2ba7-41d0-8d57-430622595b14.jpeg,3264,2448,Siamese Adult,453.62,962.42,641.62,1203.54
7b405bc7-2ba7-41d0-8d57-430622595b14.jpeg,3264,2448,Siamese Adult,298.33,966.51,433.19,1215.8
7b405bc7-2ba7-41d0-8d57-430622595b14.jpeg,3264,2448,Bengal Adult,331.02,1252.58,463.84,1493.7
7b405bc7-2ba7-41d0-8d57-430622595b14.jpeg,3264,2448,Bengal Adult,469.97,1252.58,657.96,1479.4
7b405bc7-2ba7-41d0-8d57-430622595b14.jpeg,3264,2448,Persian Adult,662.05,1252.58,805.08,1483.48
7b405bc7-2ba7-41d0-8d57-430622595b14.jpeg,3264,2448,Sensible 33,817.34,1250.54,966.51,1469.18
7b405bc7-2ba7-41d0-8d57-430622595b14.jpeg,3264,2448,Sensible 33,995.12,1248.49,1129.98,1465.09
7b405bc7-2ba7-41d0-8d57-430622595b14.jpeg,3264,2448,Sensible 33,1138.15,1246.45,1305.71,1465.09
7b405bc7-2ba7-41d0-8d57-430622595b14.jpeg,3264,2448,Sensible 33,1315.93,1236.23,1483.48,1461.01
7b405bc7-2ba7-41d0-8d57-430622595b14.jpeg,3264,2448,Indoor 27,1487.57,1244.41,1608.13,1454.88
7b405bc7-2ba7-41d0-8d57-430622595b14.jpeg,3264,2448,Indoor 27,1610.17,1236.23,1789.99,1452.83
7b405bc7-2ba7-41d0-8d57-430622595b14.jpeg,3264,2448,Indoor Long Hair,1794.07,1236.23,1900.33,1436.48
7b405bc7-2ba7-41d0-8d57-430622595b14.jpeg,3264,2448,Indoor Long Hair,1910.55,1240.32,2059.71,1436.48
7b405bc7-2ba7-41d0-8d57-430622595b14.jpeg,3264,2448,Indoor Appetite Control,2067.89,1250.54,2172.1,1428.31
7b405bc7-2ba7-41d0-8d57-430622595b14.jpeg,3264,2448,Indoor Appetite Control,2194.58,1226.02,2317.18,1420.14
7b405bc7-2ba7-41d0-8d57-430622595b14.jpeg,3264,2448,Indoor Appetite Control,2335.57,1219.89,2488.82,1414.01
7b405bc7-2ba7-41d0-8d57-430622595b14.jpeg,3264,2448,Light Weight Care,2400.96,1477.35,2503.12,1657.17
7b405bc7-2ba7-41d0-8d57-430622595b14.jpeg,3264,2448,Light Weight Care,2284.48,1471.22,2400.96,1657.17
7b405bc7-2ba7-41d0-8d57-430622595b14.jpeg,3264,2448,Ageing 12+,2137.36,1471.22,2284.48,1673.52
7b405bc7-2ba7-41d0-8d57-430622595b14.jpeg,3264,2448,Ageing 12+,1992.28,1475.3,2129.19,1673.52
7b405bc7-2ba7-41d0-8d57-430622595b14.jpeg,3264,2448,Ageing 12+,1867.64,1477.35,1982.07,1685.78
7b405bc7-2ba7-41d0-8d57-430622595b14.jpeg,3264,2448,Ageing Sterilised 12+,1736.86,1495.74,1857.42,1677.6
7b405bc7-2ba7-41d0-8d57-430622595b14.jpeg,3264,2448,Ageing Sterilised 12+,1565.22,1495.74,1728.69,1700.08
7b405bc7-2ba7-41d0-8d57-430622595b14.jpeg,3264,2448,Ageing Sterilised 12+,1434.44,1514.13,1558.5,1702.12
7b405bc7-2ba7-41d0-8d57-430622595b14.jpeg,3264,2448,Fit 32,1283.23,1512.09,1429.2,1716.43
7b405bc7-2ba7-41d0-8d57-430622595b14.jpeg,3264,2448,Fit 32,1142.24,1514.13,1277.1,1718.47
7b405bc7-2ba7-41d0-8d57-430622595b14.jpeg,3264,2448,Fit 32,1019.64,1522.31,1140.2,1730.73
7b405bc7-2ba7-41d0-8d57-430622595b14.jpeg,3264,2448,Norwegian Forest Adult,833.69,1514.13,1019.64,1730.73
7b405bc7-2ba7-41d0-8d57-430622595b14.jpeg,3264,2448,Norwegian Forest Adult,707,1516.18,827.56,1755.25
7b405bc7-2ba7-41d0-8d57-430622595b14.jpeg,3264,2448,Siberian Adult,496.54,1544.78,690.66,1755.25
7b405bc7-2ba7-41d0-8d57-430622595b14.jpeg,3264,2448,Siberian Adult,347.37,1555,490.41,1777.73
7b405bc7-2ba7-41d0-8d57-430622595b14.jpeg,3264,2448,Oral Care,2497.79,1229.35,2586.02,1411.72
7de84f9e-f3d2-49db-b911-5ab9cc944f0c.jpeg,3264,2448,Kitten Sterilised,424.39,2296.69,856.8,2447.79
7de84f9e-f3d2-49db-b911-5ab9cc944f0c.jpeg,3264,2448,Indoor 27,483.65,2107.49,865.99,2294.07
7de84f9e-f3d2-49db-b911-5ab9cc944f0c.jpeg,3264,2448,Indoor Appetite Control,575.49,1914.35,869.93,2095.67
7de84f9e-f3d2-49db-b911-5ab9cc944f0c.jpeg,3264,2448,Indoor Long Hair,590.07,1742.23,885.7,1906.47
7de84f9e-f3d2-49db-b911-5ab9cc944f0c.jpeg,3264,2448,Indoor 7+,926.3,1755.37,1160.31,1938
7de84f9e-f3d2-49db-b911-5ab9cc944f0c.jpeg,3264,2448,Kitten,1194.33,1767.19,1369.21,1884.13
7de84f9e-f3d2-49db-b911-5ab9cc944f0c.jpeg,3264,2448,Kitten,1203.66,1612.15,1375.78,1735.66
7de84f9e-f3d2-49db-b911-5ab9cc944f0c.jpeg,3264,2448,Sterilised 37,1212.73,1488.65,1377.1,1608.21
7de84f9e-f3d2-49db-b911-5ab9cc944f0c.jpeg,3264,2448,Maine Coon Adult,1215.49,1363.83,1381.04,1479.45
7de84f9e-f3d2-49db-b911-5ab9cc944f0c.jpeg,3264,2448,British Shorthair Adult,1386.29,1248.21,1542.65,1362.51
7de84f9e-f3d2-49db-b911-5ab9cc944f0c.jpeg,3264,2448,Persian Adult,1397.99,1363.83,1542.65,1480.76
7de84f9e-f3d2-49db-b911-5ab9cc944f0c.jpeg,3264,2448,Hairball Care,1384.85,1492.59,1545.28,1599.02
7de84f9e-f3d2-49db-b911-5ab9cc944f0c.jpeg,3264,2448,Digestive Care,1386.29,1622.66,1532.14,1751.43
7de84f9e-f3d2-49db-b911-5ab9cc944f0c.jpeg,3264,2448,Kitten Sterilised,1382.22,1759.31,1536.08,1877.56
7de84f9e-f3d2-49db-b911-5ab9cc944f0c.jpeg,3264,2448,Kitten,1370.4,1892.01,1532.14,2010.26
7de84f9e-f3d2-49db-b911-5ab9cc944f0c.jpeg,3264,2448,Kitten,1206.16,1897.27,1356.08,2018.15
7de84f9e-f3d2-49db-b911-5ab9cc944f0c.jpeg,3264,2448,Sterilised 37,1202.35,2031.29,1363.96,2152.16
7de84f9e-f3d2-49db-b911-5ab9cc944f0c.jpeg,3264,2448,Sterilised 37,1179.88,2153.48,1369.21,2280.93
7de84f9e-f3d2-49db-b911-5ab9cc944f0c.jpeg,3264,2448,Sterilised 37,1373.16,2142.97,1530.82,2274.36
7de84f9e-f3d2-49db-b911-5ab9cc944f0c.jpeg,3264,2448,Ageing Sterilised 12+,1583.38,2167.93,1839.59,2351.88
7de84f9e-f3d2-49db-b911-5ab9cc944f0c.jpeg,3264,2448,Ageing 12+,1588.5,1977.42,1834.33,2153.48
7de84f9e-f3d2-49db-b911-5ab9cc944f0c.jpeg,3264,2448,Fit 32,1588.63,1794.79,1848.79,1973.47
7de84f9e-f3d2-49db-b911-5ab9cc944f0c.jpeg,3264,2448,Savour Exigent,1897.27,1784.27,2203.54,1960.34
7de84f9e-f3d2-49db-b911-5ab9cc944f0c.jpeg,3264,2448,Sensible 33,1922.37,1970.85,2206.17,2149.54
7de84f9e-f3d2-49db-b911-5ab9cc944f0c.jpeg,3264,2448,Hair & Skin Care,1927.49,2156.11,2202.22,2333.48
7de84f9e-f3d2-49db-b911-5ab9cc944f0c.jpeg,3264,2448,Light Weight Care,1930.25,2336.11,2215.36,2448
7de84f9e-f3d2-49db-b911-5ab9cc944f0c.jpeg,3264,2448,Hairball Care,2276.98,2345.31,2556.98,2442.53
7de84f9e-f3d2-49db-b911-5ab9cc944f0c.jpeg,3264,2448,Urinary Care,2274.49,2166.62,2556.98,2334.8
7de84f9e-f3d2-49db-b911-5ab9cc944f0c.jpeg,3264,2448,Protein Exigent,2265.16,1983.99,2555.66,2163.99
7de84f9e-f3d2-49db-b911-5ab9cc944f0c.jpeg,3264,2448,Aroma Exigent,2278.43,1794.79,2550.41,1966.91
7de84f9e-f3d2-49db-b911-5ab9cc944f0c.jpeg,3264,2448,Sterilised 37,2602.96,1363.83,2962.97,1579.31
7de84f9e-f3d2-49db-b911-5ab9cc944f0c.jpeg,3264,2448,Ageing Sterilised 12+,2615.97,1601.64,2962.97,1826.32
7de84f9e-f3d2-49db-b911-5ab9cc944f0c.jpeg,3264,2448,Sensible 33,2617.42,1834.2,2961.66,2070.7
82f5390b-df8a-4179-ae56-06ce14b9a7e3.jpeg,3264,2448,British Shorthair Kitten,424.52,2204.33,851.54,2437.02
82f5390b-df8a-4179-ae56-06ce14b9a7e3.jpeg,3264,2448,Mother & Babycat,416.64,1910.01,864.68,2190
82f5390b-df8a-4179-ae56-06ce14b9a7e3.jpeg,3264,2448,Mother & Babycat,433.72,1659.06,864.68,1911.46
82f5390b-df8a-4179-ae56-06ce14b9a7e3.jpeg,3264,2448,Kitten,435.04,1384.46,860.74,1655.25
82f5390b-df8a-4179-ae56-06ce14b9a7e3.jpeg,3264,2448,Kitten,429.78,1146.64,860.74,1376.7
82f5390b-df8a-4179-ae56-06ce14b9a7e3.jpeg,3264,2448,Savour Exigent,423.21,848.39,860.74,1086.33
82f5390b-df8a-4179-ae56-06ce14b9a7e3.jpeg,3264,2448,Indoor Long Hair,433.72,581.67,855.48,840.63
82f5390b-df8a-4179-ae56-06ce14b9a7e3.jpeg,3264,2448,Indoor Long Hair,407.44,299.18,847.6,534.5
82f5390b-df8a-4179-ae56-06ce14b9a7e3.jpeg,3264,2448,Indoor 27,431.09,0,847.6,259.89
82f5390b-df8a-4179-ae56-06ce14b9a7e3.jpeg,3264,2448,Indoor 27,909.35,5,1191.84,171.86
82f5390b-df8a-4179-ae56-06ce14b9a7e3.jpeg,3264,2448,Indoor 27,923.8,173.17,1191.84,363.69
82f5390b-df8a-4179-ae56-06ce14b9a7e3.jpeg,3264,2448,Indoor 27,923.8,374.2,1193.15,547.64
82f5390b-df8a-4179-ae56-06ce14b9a7e3.jpeg,3264,2448,Indoor 27,930.37,564.71,1193.15,743.4
82f5390b-df8a-4179-ae56-06ce14b9a7e3.jpeg,3264,2448,Sensible 33,930.37,748.66,1199.72,933.92
82f5390b-df8a-4179-ae56-06ce14b9a7e3.jpeg,3264,2448,Sensible 33,938.26,939.18,1202.35,1116.55
82f5390b-df8a-4179-ae56-06ce14b9a7e3.jpeg,3264,2448,Aroma Exigent,938.26,1123.12,1204.98,1293.93
82f5390b-df8a-4179-ae56-06ce14b9a7e3.jpeg,3264,2448,Maine Coon Kitten,935.63,1301.81,1202.35,1468.68
82f5390b-df8a-4179-ae56-06ce14b9a7e3.jpeg,3264,2448,Maine Coon Kitten,936.94,1475.25,1203.66,1652.62
82f5390b-df8a-4179-ae56-06ce14b9a7e3.jpeg,3264,2448,British Shorthair Kitten,923.8,1659.19,1203.66,1836.57
82f5390b-df8a-4179-ae56-06ce14b9a7e3.jpeg,3264,2448,British Shorthair Kitten,929.06,1843.14,1198.41,2019.2
82f5390b-df8a-4179-ae56-06ce14b9a7e3.jpeg,3264,2448,Kitten,923.8,2020.51,1198.41,2195.26
82f5390b-df8a-4179-ae56-06ce14b9a7e3.jpeg,3264,2448,Mother & Babycat,925.12,2204.46,1199.72,2381.83
82f5390b-df8a-4179-ae56-06ce14b9a7e3.jpeg,3264,2448,Kitten,1285.12,2078.19,1450.68,2197.76
82f5390b-df8a-4179-ae56-06ce14b9a7e3.jpeg,3264,2448,Kitten,1279.87,1942.86,1457.25,2069
82f5390b-df8a-4179-ae56-06ce14b9a7e3.jpeg,3264,2448,British Shorthair Adult,1283.81,1816.73,1458.56,1938.92
82f5390b-df8a-4179-ae56-06ce14b9a7e3.jpeg,3264,2448,Urinary Care,1283.81,1690.59,1459.87,1811.47
82f5390b-df8a-4179-ae56-06ce14b9a7e3.jpeg,3264,2448,Hairball Care,1283.81,1326.64,1455.93,1438.33
82f5390b-df8a-4179-ae56-06ce14b9a7e3.jpeg,3264,2448,Hairball Care,1281.18,1197.88,1459.87,1314.82
82f5390b-df8a-4179-ae56-06ce14b9a7e3.jpeg,3264,2448,Light Weight Care,1281.18,1078.32,1450.68,1195.26
82f5390b-df8a-4179-ae56-06ce14b9a7e3.jpeg,3264,2448,Sterilised 37,1283.81,954.81,1458.56,1071.75
82f5390b-df8a-4179-ae56-06ce14b9a7e3.jpeg,3264,2448,Sterilised 37,1277.24,823.42,1458.56,950.87
82f5390b-df8a-4179-ae56-06ce14b9a7e3.jpeg,3264,2448,Sterilised 37,1277.24,701.23,1455.93,820.79
82f5390b-df8a-4179-ae56-06ce14b9a7e3.jpeg,3264,2448,Sterilised 37,1274.61,579.04,1454.62,698.6
82f5390b-df8a-4179-ae56-06ce14b9a7e3.jpeg,3264,2448,Sterilised 37,1274.61,464.73,1450.68,573.78
82f5390b-df8a-4179-ae56-06ce14b9a7e3.jpeg,3264,2448,Ageing 12+,1270.67,67.93,1446.73,195.38
82f5390b-df8a-4179-ae56-06ce14b9a7e3.jpeg,3264,2448,Sterilised 37,1559.73,56.11,1859.3,232.17
82f5390b-df8a-4179-ae56-06ce14b9a7e3.jpeg,3264,2448,Sterilised 37,1555.79,236.11,1857.98,424
82f5390b-df8a-4179-ae56-06ce14b9a7e3.jpeg,3264,2448,Sterilised 37,1554.47,433.2,1863.24,617.14
82f5390b-df8a-4179-ae56-06ce14b9a7e3.jpeg,3264,2448,Sterilised 37,1570.24,621.08,1857.98,808.97
82f5390b-df8a-4179-ae56-06ce14b9a7e3.jpeg,3264,2448,Sterilised 7+,1540.02,815.54,1857.98,992.91
82f5390b-df8a-4179-ae56-06ce14b9a7e3.jpeg,3264,2448,Sterilised 7+,1530.82,1002.11,1861.93,1186.06
82f5390b-df8a-4179-ae56-06ce14b9a7e3.jpeg,3264,2448,Digestive Care,1522.94,1190,1861.92,1414.67
82f5390b-df8a-4179-ae56-06ce14b9a7e3.jpeg,3264,2448,Digestive Care,1540.02,1423.87,1867.18,1593.37
82f5390b-df8a-4179-ae56-06ce14b9a7e3.jpeg,3264,2448,Digestive Care,1537.39,1597.31,1867.18,1781.25
82f5390b-df8a-4179-ae56-06ce14b9a7e3.jpeg,3264,2448,Urinary Care,1566.3,1781.25,1867.18,1959.94
82f5390b-df8a-4179-ae56-06ce14b9a7e3.jpeg,3264,2448,Maine Coon Adult,1568.93,1965.2,1867.18,2137.32
82f5390b-df8a-4179-ae56-06ce14b9a7e3.jpeg,3264,2448,Sphynx Adult,1562.36,2141.26,1856.67,2325.2
82f5390b-df8a-4179-ae56-06ce14b9a7e3.jpeg,3264,2448,Maine Coon Adult,1951.27,2116.29,2338.87,2358.05
82f5390b-df8a-4179-ae56-06ce14b9a7e3.jpeg,3264,2448,British Shorthair Adult,1951.27,1873.22,2327.04,2116.3
82f5390b-df8a-4179-ae56-06ce14b9a7e3.jpeg,3264,2448,British Shorthair Adult,1932.88,1644.61,2334.93,1865.34
82f5390b-df8a-4179-ae56-06ce14b9a7e3.jpeg,3264,2448,Sphynx Adult,1944.7,1419.93,2334.93,1631.47
82f5390b-df8a-4179-ae56-06ce14b9a7e3.jpeg,3264,2448,Urinary Care,1948.44,1200.78,2338.57,1412.23
82f5390b-df8a-4179-ae56-06ce14b9a7e3.jpeg,3264,2448,Hair & Skin Care,1948.51,981.04,2323.37,1195.53
82f5390b-df8a-4179-ae56-06ce14b9a7e3.jpeg,3264,2448,Digestive Care,1938.55,753.69,2341.62,975.03
82f5390b-df8a-4179-ae56-06ce14b9a7e3.jpeg,3264,2448,Fit 32,1938.63,530.14,2332.49,740.84
82f5390b-df8a-4179-ae56-06ce14b9a7e3.jpeg,3264,2448,Sensible 33,1953.76,285.31,2326.41,519.58
82f5390b-df8a-4179-ae56-06ce14b9a7e3.jpeg,3264,2448,Sterilised 37,1946.23,57.2,2335.53,284.62
82f5390b-df8a-4179-ae56-06ce14b9a7e3.jpeg,3264,2448,Sterilised 7+,2510.57,136.25,2914.2,360.14
82f5390b-df8a-4179-ae56-06ce14b9a7e3.jpeg,3264,2448,Ageing 12+,2472.73,372.76,2906.31,609.26
82f5390b-df8a-4179-ae56-06ce14b9a7e3.jpeg,3264,2448,Sterilised 37,2428.58,1098.03,2909.47,1403.9
82f5390b-df8a-4179-ae56-06ce14b9a7e3.jpeg,3264,2448,Fit 32,2422.27,1408.63,2922.08,1687.7
82f5390b-df8a-4179-ae56-06ce14b9a7e3.jpeg,3264,2448,British Shorthair Adult,2447.5,1705.04,2922.08,1992
82f5390b-df8a-4179-ae56-06ce14b9a7e3.jpeg,3264,2448,Maine Coon Adult,2441.2,1996.73,2900.01,2283.69
8ece602d-b003-4218-a46f-48d9c21531e3.jpeg,3264,2448,British Shorthair Kitten,2539.9,1855.32,2677.86,2054.38
8ece602d-b003-4218-a46f-48d9c21531e3.jpeg,3264,2448,British Shorthair Kitten,2353.65,1845.47,2538.91,2223.87
8ece602d-b003-4218-a46f-48d9c21531e3.jpeg,3264,2448,Sphynx Kitten,2193.03,1846.45,2339.85,2041.57
8ece602d-b003-4218-a46f-48d9c21531e3.jpeg,3264,2448,Mother & Babycat,2016.64,1901.64,2159.52,2147.99
8ece602d-b003-4218-a46f-48d9c21531e3.jpeg,3264,2448,Indoor Appetite Control,1516.04,1835.61,1659.91,2026.79
8ece602d-b003-4218-a46f-48d9c21531e3.jpeg,3264,2448,Indoor 7+,1173.7,1826.75,1323.9,2057.33
8ece602d-b003-4218-a46f-48d9c21531e3.jpeg,3264,2448,Ageing Sterilised 12+,1112.02,1455.24,1243.08,1664.15
8ece602d-b003-4218-a46f-48d9c21531e3.jpeg,3264,2448,Ageing 12+,1258.85,1605.03,1394.83,1750.87
8ece602d-b003-4218-a46f-48d9c21531e3.jpeg,3264,2448,Sterilised 7+,1637.25,1471.01,1773.24,1696.67
8ece602d-b003-4218-a46f-48d9c21531e3.jpeg,3264,2448,Sterilised 37,1781.12,1477.91,1909.23,1721.31
8ece602d-b003-4218-a46f-48d9c21531e3.jpeg,3264,2448,Kitten,1916.12,1477.91,2106.31,1767.62
8ece602d-b003-4218-a46f-48d9c21531e3.jpeg,3264,2448,Kitten,2109.27,1475.94,2241.31,1674.99
8ece602d-b003-4218-a46f-48d9c21531e3.jpeg,3264,2448,Maine Coon Kitten,2293.54,1638.53,2436.43,1789.3
8ece602d-b003-4218-a46f-48d9c21531e3.jpeg,3264,2448,British Shorthair Adult,2455.15,1269.98,2545.81,1400.06
8ece602d-b003-4218-a46f-48d9c21531e3.jpeg,3264,2448,Maine Coon Adult,2356.61,1260.13,2448.25,1403.02
8ece602d-b003-4218-a46f-48d9c21531e3.jpeg,3264,2448,Maine Coon Kitten,2262.99,1261.11,2353.65,1397.1
8ece602d-b003-4218-a46f-48d9c21531e3.jpeg,3264,2448,Kitten Sterilised,2140.8,1260.13,2235.4,1400.06
8ece602d-b003-4218-a46f-48d9c21531e3.jpeg,3264,2448,Kitten,2048.17,1260.13,2138.83,1391.19
8ece602d-b003-4218-a46f-48d9c21531e3.jpeg,3264,2448,Hairball Care,1944.7,1257.17,2036.35,1389.22
8ece602d-b003-4218-a46f-48d9c21531e3.jpeg,3264,2448,Light Weight Care,1845.17,1257.17,1941.74,1388.23
8ece602d-b003-4218-a46f-48d9c21531e3.jpeg,3264,2448,Sterilised 37,1649.07,1245.35,1744.66,1385.28
8ece602d-b003-4218-a46f-48d9c21531e3.jpeg,3264,2448,Sterilised 37,1549.55,1243.38,1642.18,1385.28
8ece602d-b003-4218-a46f-48d9c21531e3.jpeg,3264,2448,Sterilised 37,1454.95,1242.39,1544.62,1379.36
8ece602d-b003-4218-a46f-48d9c21531e3.jpeg,3264,2448,Ageing 12+,1250.96,1232.54,1346.55,1377.39
8ece602d-b003-4218-a46f-48d9c21531e3.jpeg,3264,2448,Ageing 12+,1260.82,1109.36,1353.45,1230.57
8ece602d-b003-4218-a46f-48d9c21531e3.jpeg,3264,2448,Urinary Care,1653.02,1117.24,1742.69,1232.54
8ece602d-b003-4218-a46f-48d9c21531e3.jpeg,3264,2448,Light Weight Care,1851.09,1119.21,1940.76,1233.52
8ece602d-b003-4218-a46f-48d9c21531e3.jpeg,3264,2448,Digestive Care,1949.63,1129.07,2036.34,1239.43
8ece602d-b003-4218-a46f-48d9c21531e3.jpeg,3264,2448,Kitten,2062.95,1132.02,2150.65,1227.61
8ece602d-b003-4218-a46f-48d9c21531e3.jpeg,3264,2448,Kitten,2158.54,1132.02,2249.2,1244.36
8ece602d-b003-4218-a46f-48d9c21531e3.jpeg,3264,2448,Kitten,2256.09,1138.92,2356.61,1236.48
8ece602d-b003-4218-a46f-48d9c21531e3.jpeg,3264,2448,Sphynx Adult,2508.36,805.85,2637.45,996.03
8ece602d-b003-4218-a46f-48d9c21531e3.jpeg,3264,2448,Bengal Adult,2381.24,801.91,2507.38,997.02
8ece602d-b003-4218-a46f-48d9c21531e3.jpeg,3264,2448,Siberian Adult,2251.17,800.92,2379.27,990.12
8ece602d-b003-4218-a46f-48d9c21531e3.jpeg,3264,2448,Kitten Sterilised,2110.25,792.05,2243.28,994.06
8ece602d-b003-4218-a46f-48d9c21531e3.jpeg,3264,2448,Kitten Sterilised,1919.08,795.01,2105.32,1035.45
8ece602d-b003-4218-a46f-48d9c21531e3.jpeg,3264,2448,Bengal Adult,1793.93,786.14,1919.08,993.08
8ece602d-b003-4218-a46f-48d9c21531e3.jpeg,3264,2448,Oral Care,1651.04,785.15,1789.99,998.01
8ece602d-b003-4218-a46f-48d9c21531e3.jpeg,3264,2448,Light Weight Care,1327.83,774.31,1458.89,1003.92
8ece602d-b003-4218-a46f-48d9c21531e3.jpeg,3264,2448,Fit 32,1186.91,775.3,1325.85,983.22
8ece602d-b003-4218-a46f-48d9c21531e3.jpeg,3264,2448,Sensible 33,846.94,756.58,983.91,958.59
8ece602d-b003-4218-a46f-48d9c21531e3.jpeg,3264,2448,Aroma Exigent,904.1,416.61,1038.11,624.53
8ece602d-b003-4218-a46f-48d9c21531e3.jpeg,3264,2448,Protein Exigent,1228.3,426.46,1360.35,631.43
8ece602d-b003-4218-a46f-48d9c21531e3.jpeg,3264,2448,Savour Exigent,1369.21,437.3,1530.82,680.7
8ece602d-b003-4218-a46f-48d9c21531e3.jpeg,3264,2448,Savour Exigent,1540.68,451.1,1678.64,652.12
8ece602d-b003-4218-a46f-48d9c21531e3.jpeg,3264,2448,Urinary Care,1680.61,451.1,1846.16,692.53
8ece602d-b003-4218-a46f-48d9c21531e3.jpeg,3264,2448,Urinary Care,1849.12,459.96,1970.32,654.09
8ece602d-b003-4218-a46f-48d9c21531e3.jpeg,3264,2448,Digestive Care,1971.31,458.98,2142.77,707.31
8ece602d-b003-4218-a46f-48d9c21531e3.jpeg,3264,2448,Digestive Care,2148.68,458.98,2270.88,689.57
8ece602d-b003-4218-a46f-48d9c21531e3.jpeg,3264,2448,Maine Coon Adult,2288.61,540.77,2425.59,706.32
8ece602d-b003-4218-a46f-48d9c21531e3.jpeg,3264,2448,British Shorthair Adult,2325.06,152.55,2503.42,359.49
8ece602d-b003-4218-a46f-48d9c21531e3.jpeg,3264,2448,British Shorthair Adult,2137.84,147.59,2314.23,358.47
8ece602d-b003-4218-a46f-48d9c21531e3.jpeg,3264,2448,British Shorthair Adult,2008.75,137.73,2130.95,344.67
8ece602d-b003-4218-a46f-48d9c21531e3.jpeg,3264,2448,Hair & Skin Care,1885.57,137.73,2004.81,340.73
8ece602d-b003-4218-a46f-48d9c21531e3.jpeg,3264,2448,Hair & Skin Care,1737.76,127.88,1880.65,342.7
8ece602d-b003-4218-a46f-48d9c21531e3.jpeg,3264,2448,Sterilised 37,1505.2,127.88,1729.88,333.83
8ece602d-b003-4218-a46f-48d9c21531e3.jpeg,3264,2448,Sterilised 37,1305.16,112.11,1477.61,336.79
8ece602d-b003-4218-a46f-48d9c21531e3.jpeg,3264,2448,Sterilised 37,1119.9,112.11,1303.19,316.09
8ece602d-b003-4218-a46f-48d9c21531e3.jpeg,3264,2448,Hairball Care,1791.39,784.75,1916.83,989.95
a30fa76a-9999-4364-9cf0-4fd5caab9934.jpeg,3264,2448,British Shorthair Kitten,275.1,2115.4,850.3,2329.1
a30fa76a-9999-4364-9cf0-4fd5caab9934.jpeg,3264,2448,British Shorthair Kitten,305.07,1887.73,858.14,2111.14
a30fa76a-9999-4364-9cf0-4fd5caab9934.jpeg,3264,2448,Mother & Babycat,354.11,1639.8,871.77,1885.01
a30fa76a-9999-4364-9cf0-4fd5caab9934.jpeg,3264,2448,Kitten,460.37,1421.84,888.11,1639.8
a30fa76a-9999-4364-9cf0-4fd5caab9934.jpeg,3264,2448,Sterilised 37,296.9,1171.19,890.84,1400.04
a30fa76a-9999-4364-9cf0-4fd5caab9934.jpeg,3264,2448,Sterilised 7+,351.39,923.26,888.11,1168.46
a30fa76a-9999-4364-9cf0-4fd5caab9934.jpeg,3264,2448,Sensible 33,405.88,697.12,901.74,923.26
a30fa76a-9999-4364-9cf0-4fd5caab9934.jpeg,3264,2448,Ageing 12+,962.18,742.8,1224.9,914.58
a30fa76a-9999-4364-9cf0-4fd5caab9934.jpeg,3264,2448,Sterilised 7+,955.14,924.59,1225.69,1093.21
a30fa76a-9999-4364-9cf0-4fd5caab9934.jpeg,3264,2448,Sterilised 37,958.53,1101.97,1218.03,1274.96
a30fa76a-9999-4364-9cf0-4fd5caab9934.jpeg,3264,2448,Maine Coon Adult,938.72,1276.06,1218.03,1453.43
a30fa76a-9999-4364-9cf0-4fd5caab9934.jpeg,3264,2448,British Shorthair Adult,938.83,1467.67,1212.55,1637.38
a30fa76a-9999-4364-9cf0-4fd5caab9934.jpeg,3264,2448,British Shorthair Kitten,934.34,1642.86,1212.56,1826.8
a30fa76a-9999-4364-9cf0-4fd5caab9934.jpeg,3264,2448,British Shorthair Adult,928.86,1843.22,1335.18,2069.87
a30fa76a-9999-4364-9cf0-4fd5caab9934.jpeg,3264,2448,British Shorthair Adult,924.48,2068.78,1352.7,2284.47
a30fa76a-9999-4364-9cf0-4fd5caab9934.jpeg,3264,2448,Persian Adult,1439.2,2039.1,1750.05,2259.29
a30fa76a-9999-4364-9cf0-4fd5caab9934.jpeg,3264,2448,Maine Coon Adult,1399.67,1852.97,1748.95,2035.93
a30fa76a-9999-4364-9cf0-4fd5caab9934.jpeg,3264,2448,Maine Coon Adult,1290.29,1711.72,1465.37,1826.8
a30fa76a-9999-4364-9cf0-4fd5caab9934.jpeg,3264,2448,British Shorthair Adult,1295.77,1578.15,1470.84,1701.98
a30fa76a-9999-4364-9cf0-4fd5caab9934.jpeg,3264,2448,Kitten,1302.23,1448.95,1468.76,1568.4
a30fa76a-9999-4364-9cf0-4fd5caab9934.jpeg,3264,2448,Kitten,1300.04,1325.22,1469.75,1441.39
a30fa76a-9999-4364-9cf0-4fd5caab9934.jpeg,3264,2448,Light Weight Care,1302.23,846.74,1466.57,965.1
a30fa76a-9999-4364-9cf0-4fd5caab9934.jpeg,3264,2448,Hairball Care,1302.23,732.87,1472.05,837
a30fa76a-9999-4364-9cf0-4fd5caab9934.jpeg,3264,2448,Ageing 12+,1553.07,738.46,1716.1,857.8
a30fa76a-9999-4364-9cf0-4fd5caab9934.jpeg,3264,2448,Urinary Care,1551.87,900.5,1711.72,1007.81
a30fa76a-9999-4364-9cf0-4fd5caab9934.jpeg,3264,2448,Digestive Care,1551.87,1028.61,1715.12,1141.39
a30fa76a-9999-4364-9cf0-4fd5caab9934.jpeg,3264,2448,Light Weight Care,1542.01,1167.66,1711.73,1272.77
a30fa76a-9999-4364-9cf0-4fd5caab9934.jpeg,3264,2448,Sterilised 37,1539.93,1557.45,1709.54,1669.13
a30fa76a-9999-4364-9cf0-4fd5caab9934.jpeg,3264,2448,Sterilised 37,1536.54,1693.22,1706.25,1809.28
a30fa76a-9999-4364-9cf0-4fd5caab9934.jpeg,3264,2448,Digestive Care,1813.55,1888.01,2103.7,1980.09
a30fa76a-9999-4364-9cf0-4fd5caab9934.jpeg,3264,2448,Mother & Babycat,1783.99,1698.59,2071.95,1880.45
a30fa76a-9999-4364-9cf0-4fd5caab9934.jpeg,3264,2448,Kitten,1788.37,1531.06,2073.05,1691.03
a30fa76a-9999-4364-9cf0-4fd5caab9934.jpeg,3264,2448,Fit 32,1773.04,1362.45,2069.76,1527.89
a30fa76a-9999-4364-9cf0-4fd5caab9934.jpeg,3264,2448,Sensible 33,1783.99,1194.93,2073.05,1357.08
a30fa76a-9999-4364-9cf0-4fd5caab9934.jpeg,3264,2448,Savour Exigent,1779.61,1031.78,2073.05,1191.75
a30fa76a-9999-4364-9cf0-4fd5caab9934.jpeg,3264,2448,Indoor Long Hair,1788.37,862.07,2069.76,1025.32
a30fa76a-9999-4364-9cf0-4fd5caab9934.jpeg,3264,2448,Indoor 27,1776.32,703.31,2005.16,857.8
a30fa76a-9999-4364-9cf0-4fd5caab9934.jpeg,3264,2448,Ageing 12+,2122.32,725.32,2404.8,935.54
a30fa76a-9999-4364-9cf0-4fd5caab9934.jpeg,3264,2448,Indoor 27,2126.7,946.49,2406.99,1164.38
a30fa76a-9999-4364-9cf0-4fd5caab9934.jpeg,3264,2448,Indoor Long Hair,2134.36,1173.14,2404.8,1384.45
a30fa76a-9999-4364-9cf0-4fd5caab9934.jpeg,3264,2448,Fit 32,2126.7,1386.64,2420.13,1601.25
a30fa76a-9999-4364-9cf0-4fd5caab9934.jpeg,3264,2448,Kitten,2134.36,1611.1,2416.85,1827.89
a30fa76a-9999-4364-9cf0-4fd5caab9934.jpeg,3264,2448,Urinary Care,2131.08,1856.25,2490.32,2037.02
a30fa76a-9999-4364-9cf0-4fd5caab9934.jpeg,3264,2448,Urinary Care,2229.62,2045.67,2556.01,2225.35
a30fa76a-9999-4364-9cf0-4fd5caab9934.jpeg,3264,2448,British Shorthair Adult,2490.21,1639.46,2891.06,1915.49
a30fa76a-9999-4364-9cf0-4fd5caab9934.jpeg,3264,2448,Fit 32,2491.41,1328.51,2883.39,1612.2
a30fa76a-9999-4364-9cf0-4fd5caab9934.jpeg,3264,2448,Sterilised 37,2524.15,1030.69,2884.48,1320.95
a30fa76a-9999-4364-9cf0-4fd5caab9934.jpeg,3264,2448,Sterilised 37,2478.27,715.35,2856.02,1002.33
e354e498-1285-4a70-8e94-f4a5c4a9b045.jpeg,3264,2448,Indoor Appetite Control,1254.67,157.78,1435.59,469.96
e354e498-1285-4a70-8e94-f4a5c4a9b045.jpeg,3264,2448,Indoor 7+,1442.69,137.67,1576.31,478.24
e354e498-1285-4a70-8e94-f4a5c4a9b045.jpeg,3264,2448,Indoor 7+,1583.4,184.97,1719.39,485.33
e354e498-1285-4a70-8e94-f4a5c4a9b045.jpeg,3264,2448,Indoor 27,1722.94,130.58,1836.46,485.33
e354e498-1285-4a70-8e94-f4a5c4a9b045.jpeg,3264,2448,Light Weight Care,1843.56,171.97,1942.89,494.79
e354e498-1285-4a70-8e94-f4a5c4a9b045.jpeg,3264,2448,Hairball Care,1959.44,215.72,2082.42,495.97
e354e498-1285-4a70-8e94-f4a5c4a9b045.jpeg,3264,2448,Urinary Care,2090.7,196.8,2178.2,508.98
e354e498-1285-4a70-8e94-f4a5c4a9b045.jpeg,3264,2448,Digestive Care,2185.3,196.8,2321.29,505.43
e354e498-1285-4a70-8e94-f4a5c4a9b045.jpeg,3264,2448,Hair & Skin Care,2328.38,235.82,2433.63,519.62
e354e498-1285-4a70-8e94-f4a5c4a9b045.jpeg,3264,2448,Sphynx Adult,2171.11,704.09,2273.99,997.36
e354e498-1285-4a70-8e94-f4a5c4a9b045.jpeg,3264,2448,Persian Adult,2048.13,704.09,2160.47,993.81
e354e498-1285-4a70-8e94-f4a5c4a9b045.jpeg,3264,2448,Maine Coon Adult,1927.51,701.73,2037.49,997.35
e354e498-1285-4a70-8e94-f4a5c4a9b045.jpeg,3264,2448,Maine Coon Kitten,1782.07,702.91,1918.05,992.63
e354e498-1285-4a70-8e94-f4a5c4a9b045.jpeg,3264,2448,British Shorthair Adult,1634.25,692.27,1776.15,998.54
e354e498-1285-4a70-8e94-f4a5c4a9b045.jpeg,3264,2448,British Shorthair Kitten,1473.43,692.27,1628.34,993.81
e354e498-1285-4a70-8e94-f4a5c4a9b045.jpeg,3264,2448,Mother & Babycat,1288.96,686.36,1463.97,993.81
e354e498-1285-4a70-8e94-f4a5c4a9b045.jpeg,3264,2448,Kitten,1100.94,688.72,1279.5,1000.9
e354e498-1285-4a70-8e94-f4a5c4a9b045.jpeg,3264,2448,Kitten,950.77,605.95,1097.4,812.88
e354e498-1285-4a70-8e94-f4a5c4a9b045.jpeg,3264,2448,Kitten,509.69,603.58,648.04,799.88
e354e498-1285-4a70-8e94-f4a5c4a9b045.jpeg,3264,2448,Sterilised 37,9.49,590.57,185.68,798.7
e354e498-1285-4a70-8e94-f4a5c4a9b045.jpeg,3264,2448,Sterilised 37,22.5,811.7,191.6,1017.46
e354e498-1285-4a70-8e94-f4a5c4a9b045.jpeg,3264,2448,Kitten,526.25,806.97,656.32,1003.27
e354e498-1285-4a70-8e94-f4a5c4a9b045.jpeg,3264,2448,Digestive Care,665.78,814.07,808.86,1008
e354e498-1285-4a70-8e94-f4a5c4a9b045.jpeg,3264,2448,Kitten,956.68,815.25,1096.21,1002.09
e354e498-1285-4a70-8e94-f4a5c4a9b045.jpeg,3264,2448,Indoor 27,355.96,1110.88,622.03,1600.43
e354e498-1285-4a70-8e94-f4a5c4a9b045.jpeg,3264,2448,Kitten Sterilised,622.03,1097.87,882.18,1555.5
e354e498-1285-4a70-8e94-f4a5c4a9b045.jpeg,3264,2448,Mother & Babycat,896.37,1080.13,1126.96,1554.32
e354e498-1285-4a70-8e94-f4a5c4a9b045.jpeg,3264,2448,Kitten Sterilised,1132.87,1139.26,1355.18,1529.48
e354e498-1285-4a70-8e94-f4a5c4a9b045.jpeg,3264,2448,Kitten,1355.18,1127.43,1568.03,1525.94
e354e498-1285-4a70-8e94-f4a5c4a9b045.jpeg,3264,2448,Hair & Skin Care,1572.76,1071.85,1773.79,1516.48
e354e498-1285-4a70-8e94-f4a5c4a9b045.jpeg,3264,2448,Ageing Sterilised 12+,1534.92,1611.08,1689.83,1864.13
e354e498-1285-4a70-8e94-f4a5c4a9b045.jpeg,3264,2448,Ageing 12+,1377.65,1612.26,1529.01,1907.88
e354e498-1285-4a70-8e94-f4a5c4a9b045.jpeg,3264,2448,Sterilised 7+,1205,1616.99,1371.74,1909.07
e354e498-1285-4a70-8e94-f4a5c4a9b045.jpeg,3264,2448,Sterilised 37,1038.27,1643,1199.09,1936.27
e354e498-1285-4a70-8e94-f4a5c4a9b045.jpeg,3264,2448,Protein Exigent,869.17,1666.65,1029.99,1938.63
e354e498-1285-4a70-8e94-f4a5c4a9b045.jpeg,3264,2448,Aroma Exigent,687.07,1661.92,862.08,1975.29
e354e498-1285-4a70-8e94-f4a5c4a9b045.jpeg,3264,2448,Savour Exigent,478.95,1666.65,678.79,1975.29
e354e498-1285-4a70-8e94-f4a5c4a9b045.jpeg,3264,2448,Fit 32,302.75,1660.74,471.85,2021.4
e354e498-1285-4a70-8e94-f4a5c4a9b045.jpeg,3264,2448,Sensible 33,78.08,1725.78,301.57,2023.77
e354e498-1285-4a70-8e94-f4a5c4a9b045.jpeg,3264,2448,Sensible 33,107.64,2112.46,387.89,2440.01
e354e498-1285-4a70-8e94-f4a5c4a9b045.jpeg,3264,2448,Fit 32,399.72,2071.07,625.58,2444.74
e354e498-1285-4a70-8e94-f4a5c4a9b045.jpeg,3264,2448,Savour Exigent,637.4,2066.34,869.17,2414
e354e498-1285-4a70-8e94-f4a5c4a9b045.jpeg,3264,2448,Sterilised 37,881,2003.67,1103.31,2384.43
e354e498-1285-4a70-8e94-f4a5c4a9b045.jpeg,3264,2448,Sterilised 7+,1110.4,2002.49,1337.44,2337.14
e354e498-1285-4a70-8e94-f4a5c4a9b045.jpeg,3264,2448,Ageing Sterilised 12+,1344.54,1944.54,1544.38,2306.39
e354e498-1285-4a70-8e94-f4a5c4a9b045.jpeg,3264,2448,Ageing 12+,1547.93,1939.81,1725.31,2274.46
e5203229-bee5-4990-bc12-cc7102c0c87a.jpeg,3264,2448,Maine Coon Kitten,0,324.89,194.12,664.09
e5203229-bee5-4990-bc12-cc7102c0c87a.jpeg,3264,2448,Mother & Babycat,196.16,263.59,363.72,664.09
e5203229-bee5-4990-bc12-cc7102c0c87a.jpeg,3264,2448,Kitten Sterilised,398.45,247.24,543.53,637.53
e5203229-bee5-4990-bc12-cc7102c0c87a.jpeg,3264,2448,Kitten,547.62,214.55,754,637.53
e5203229-bee5-4990-bc12-cc7102c0c87a.jpeg,3264,2448,Indoor 27,774.43,202.29,1007.38,610.96
e5203229-bee5-4990-bc12-cc7102c0c87a.jpeg,3264,2448,Indoor 27,1015.55,149.16,1262.8,613.01
e5203229-bee5-4990-bc12-cc7102c0c87a.jpeg,3264,2448,Indoor Long Hair,1277.1,136.9,1508,576.23
e5203229-bee5-4990-bc12-cc7102c0c87a.jpeg,3264,2448,Aroma Exigent,1520.26,71.51,1787.95,576.23
e5203229-bee5-4990-bc12-cc7102c0c87a.jpeg,3264,2448,Savour Exigent,1794.07,73.56,2076.06,539.45
e5203229-bee5-4990-bc12-cc7102c0c87a.jpeg,3264,2448,Protein Exigent,2082.19,4.08,2398.91,539.45
e5203229-bee5-4990-bc12-cc7102c0c87a.jpeg,3264,2448,Digestive Care,2403,22.47,2721.77,488.36
e5203229-bee5-4990-bc12-cc7102c0c87a.jpeg,3264,2448,Hairball Care,2727.89,4.08,3079.35,484.27
e5203229-bee5-4990-bc12-cc7102c0c87a.jpeg,3264,2448,Light Weight Care,2709.51,610.96,3044.62,1072.76
e5203229-bee5-4990-bc12-cc7102c0c87a.jpeg,3264,2448,Oral Care,2388.7,578.27,2697.24,1062.55
e5203229-bee5-4990-bc12-cc7102c0c87a.jpeg,3264,2448,Hair & Skin Care,2084.23,621.18,2366.22,1072.76
e5203229-bee5-4990-bc12-cc7102c0c87a.jpeg,3264,2448,Ageing 12+,1172.89,655.92,1418.1,1060.51
e5203229-bee5-4990-bc12-cc7102c0c87a.jpeg,3264,2448,Ageing Sterilised 12+,870.47,672.26,1109.55,1068.68
e5203229-bee5-4990-bc12-cc7102c0c87a.jpeg,3264,2448,Sensible 33,616,686.57,833.69,1080.94
e5203229-bee5-4990-bc12-cc7102c0c87a.jpeg,3264,2448,Sterilised 7+,435.23,698.83,608.92,1072.76
e5203229-bee5-4990-bc12-cc7102c0c87a.jpeg,3264,2448,Sterilised 37,245.2,723.35,429.1,1080.94
e5203229-bee5-4990-bc12-cc7102c0c87a.jpeg,3264,2448,Persian Adult,57.21,723.35,230.9,1087.07
e5203229-bee5-4990-bc12-cc7102c0c87a.jpeg,3264,2448,British Shorthair Adult,0,1162.67,232.9,1565.22
e5203229-bee5-4990-bc12-cc7102c0c87a.jpeg,3264,2448,British Shorthair Kitten,257.46,1154.5,498.58,1567.26
e5203229-bee5-4990-bc12-cc7102c0c87a.jpeg,3264,2448,Sphynx Kitten,498.58,1154.5,774.43,1585.65
e5203229-bee5-4990-bc12-cc7102c0c87a.jpeg,3264,2448,Mother & Babycat,774.43,1146.33,1021.68,1585.65
e5203229-bee5-4990-bc12-cc7102c0c87a.jpeg,3264,2448,Kitten,1074.81,1152.46,1364.97,1624.48
e5203229-bee5-4990-bc12-cc7102c0c87a.jpeg,3264,2448,Kitten,1381.31,1162.67,1685.78,1632.65
e5203229-bee5-4990-bc12-cc7102c0c87a.jpeg,3264,2448,Kitten,1689.86,1162.67,2047.45,1677.6
e5203229-bee5-4990-bc12-cc7102c0c87a.jpeg,3264,2448,Hair & Skin Care,2053.58,1168.8,2437.74,1677.6
e5203229-bee5-4990-bc12-cc7102c0c87a.jpeg,3264,2448,Oral Care,2464.3,1166.76,2864.8,1722.56
e5203229-bee5-4990-bc12-cc7102c0c87a.jpeg,3264,2448,Sterilised 7+,1389.49,1734.61,1751.16,2286.53
e5203229-bee5-4990-bc12-cc7102c0c87a.jpeg,3264,2448,Sterilised 7+,1107.5,1730.73,1377.23,2225.23
e5203229-bee5-4990-bc12-cc7102c0c87a.jpeg,3264,2448,Sterilised 37,827.56,1663.09,1103.42,2215.01
e5203229-bee5-4990-bc12-cc7102c0c87a.jpeg,3264,2448,Sterilised 37,549.7,1677.6,807.13,2118.97